0,Shanghai  China,NA,8,31.245,121.495,10,"Data Version: 4.0 / Type: Timeseries / LatLon Resolution: 0.010 / Time Resolution: 60 minutes / Averaging Method: End of Period / TD: No / Copyright 2010-2025 Clean Power Research®, L.L.C. DownloadID=f322faaf-add9-4279-8d57-6cdc06af4179"
ObservationTime(LST),Global Horizontal Irradiance (GHI) W/m2,Direct Normal Irradiance (DNI) W/m2,AmbientTemperature (deg C),WindSpeed (m/s),Wind Direction (degrees),Wind-Speed 100m (m/s),Wind Direction 100m (degrees),WindGust (m/s),Relative Humidity (%),Liquid Precipitation (kg/m2),Solid Precipitation (kg/m2),Snow Depth (m),Clear Sky GHI,Clear Sky DNI,Clear Sky DHI,IrradianceObservationType,LeadTime,DataVersion,ObservationTime(GMT),Diffuse Horizontal Irradiance (DIF) W/m2,AmbientTemperatureObservationType,WindSpeedObservationType,Albedo,Particulate Matter 10 (µg/m3),Particulate Matter 2.5 (µg/m3)
04/01/2025 01:00,0,0,8,2,98,,,3.5,,0,0,,,,,AN,,SolarAnywhere4_0,03/31/2025 17:00,0,O,O,0.09,,
04/01/2025 02:00,0,0,8,2,71,,,3.3,,0,0,,,,,AN,,SolarAnywhere4_0,03/31/2025 18:00,0,O,O,0.09,,
04/01/2025 03:00,0,0,8,2,67,,,3.1,,0,0,,,,,AN,,SolarAnywhere4_0,03/31/2025 19:00,0,O,O,0.09,,
04/01/2025 04:00,0,0,8,2,53,,,2.8,,0,0,,,,,AN,,SolarAnywhere4_0,03/31/2025 20:00,0,O,O,0.09,,
04/01/2025 05:00,0,0,8,2,47,,,2.9,,0,0,,,,,AN,,SolarAnywhere4_0,03/31/2025 21:00,0,O,O,0.09,,
04/01/2025 06:00,1,0,7,2,56,,,2.8,,0,0,,,,,AD,,SolarAnywhere4_0,03/31/2025 22:00,1,O,O,0.09,,
04/01/2025 07:00,77,43,9,2,55,,,2.8,,0,0,,,,,AD,,SolarAnywhere4_0,03/31/2025 23:00,70,O,O,0.09,,
04/01/2025 08:00,267,207,10,2,50,,,3.8,,0,0,,,,,AD,,SolarAnywhere4_0,04/01/2025 00:00,190,O,O,0.09,,
04/01/2025 09:00,496,407,11,2,61,,,5.1,,0,0,,,,,AD,,SolarAnywhere4_0,04/01/2025 01:00,266,O,O,0.09,,
04/01/2025 10:00,700,565,11,2,52,,,5.8,,0,0,,,,,AD,,SolarAnywhere4_0,04/01/2025 02:00,292,O,O,0.09,,
04/01/2025 11:00,852,690,13,2,49,,,6.6,,0,0,,,,,AD,,SolarAnywhere4_0,04/01/2025 03:00,278,O,O,0.09,,
04/01/2025 12:00,931,756,14,3,61,,,7.2,,0,0,,,,,AD,,SolarAnywhere4_0,04/01/2025 04:00,260,O,O,0.09,,
04/01/2025 13:00,925,740,14,3,72,,,7.4,,0,0,,,,,AD,,SolarAnywhere4_0,04/01/2025 05:00,270,O,O,0.09,,
04/01/2025 14:00,838,674,14,3,70,,,7.5,,0,0,,,,,AD,,SolarAnywhere4_0,04/01/2025 06:00,281,O,O,0.09,,
04/01/2025 15:00,695,614,14,3,79,,,7.7,,0,0,,,,,AD,,SolarAnywhere4_0,04/01/2025 07:00,257,O,O,0.09,,
04/01/2025 16:00,514,532,14,3,84,,,7.6,,0,0,,,,,AD,,SolarAnywhere4_0,04/01/2025 08:00,219,O,O,0.09,,
04/01/2025 17:00,294,323,13,3,84,,,7.3,,0,0,,,,,AD,,SolarAnywhere4_0,04/01/2025 09:00,177,O,O,0.09,,
04/01/2025 18:00,81,76,12,3,88,,,6.8,,0,0,,,,,AD,,SolarAnywhere4_0,04/01/2025 10:00,70,O,O,0.09,,
04/01/2025 19:00,2,0,10,3,101,,,5.4,,0,0,,,,,AD,,SolarAnywhere4_0,04/01/2025 11:00,2,O,O,0.09,,
04/01/2025 20:00,0,0,10,2,113,,,4.1,,0,0,,,,,AN,,SolarAnywhere4_0,04/01/2025 12:00,0,O,O,0.09,,
04/01/2025 21:00,0,0,10,2,113,,,3.7,,0,0,,,,,AN,,SolarAnywhere4_0,04/01/2025 13:00,0,O,O,0.09,,
04/01/2025 22:00,0,0,8,2,115,,,3.4,,0,0,,,,,AN,,SolarAnywhere4_0,04/01/2025 14:00,0,O,O,0.09,,
04/01/2025 23:00,0,0,8,2,117,,,3.3,,0,0,,,,,AN,,SolarAnywhere4_0,04/01/2025 15:00,0,O,O,0.09,,
04/02/2025 00:00,0,0,8,2,132,,,3.2,,0,0,,,,,AN,,SolarAnywhere4_0,04/01/2025 16:00,0,O,O,0.09,,
04/02/2025 01:00,0,0,7,2,151,,,3.4,,0,0,,,,,AN,,SolarAnywhere4_0,04/01/2025 17:00,0,O,O,0.09,,
04/02/2025 02:00,0,0,7,2,168,,,3.5,,0,0,,,,,AN,,SolarAnywhere4_0,04/01/2025 18:00,0,O,O,0.09,,
04/02/2025 03:00,0,0,7,2,179,,,3.7,,0,0,,,,,AN,,SolarAnywhere4_0,04/01/2025 19:00,0,O,O,0.09,,
04/02/2025 04:00,0,0,6,2,195,,,3.8,,0,0,,,,,AN,,SolarAnywhere4_0,04/01/2025 20:00,0,O,O,0.09,,
04/02/2025 05:00,0,0,6,2,213,,,3.7,,0,0,,,,,AN,,SolarAnywhere4_0,04/01/2025 21:00,0,O,O,0.09,,
04/02/2025 06:00,4,0,7,2,211,,,3.9,,0,0,,,,,AD,,SolarAnywhere4_0,04/01/2025 22:00,4,O,O,0.09,,
04/02/2025 07:00,90,87,9,2,210,,,4.1,,0,0,,,,,AD,,SolarAnywhere4_0,04/01/2025 23:00,76,O,O,0.09,,
04/02/2025 08:00,324,373,10,2,207,,,4.4,,0,0,,,,,AD,,SolarAnywhere4_0,04/02/2025 00:00,183,O,O,0.09,,
04/02/2025 09:00,548,596,10,2,198,,,4.9,,0,0,,,,,AD,,SolarAnywhere4_0,04/02/2025 01:00,208,O,O,0.09,,
04/02/2025 10:00,735,692,12,3,191,,,5.3,,0,0,,,,,AD,,SolarAnywhere4_0,04/02/2025 02:00,233,O,O,0.09,,
04/02/2025 11:00,887,766,16,3,196,,,6.1,,0,0,,,,,AD,,SolarAnywhere4_0,04/02/2025 03:00,247,O,O,0.09,,
04/02/2025 12:00,947,776,17,3,210,,,6.9,,0,0,,,,,AD,,SolarAnywhere4_0,04/02/2025 04:00,256,O,O,0.09,,
04/02/2025 13:00,924,701,18,3,220,,,7.5,,0,0,,,,,AD,,SolarAnywhere4_0,04/02/2025 05:00,301,O,O,0.09,,
04/02/2025 14:00,816,577,20,3,227,,,8.1,,0,0,,,,,AD,,SolarAnywhere4_0,04/02/2025 06:00,338,O,O,0.09,,
04/02/2025 15:00,640,429,21,3,238,,,7.7,,0,0,,,,,AD,,SolarAnywhere4_0,04/02/2025 07:00,333,O,O,0.09,,
04/02/2025 16:00,405,222,20,2,257,,,7.1,,0,0,,,,,AD,,SolarAnywhere4_0,04/02/2025 08:00,281,O,O,0.09,,
04/02/2025 17:00,174,46,20,2,271,,,6.9,,0,0,,,,,AD,,SolarAnywhere4_0,04/02/2025 09:00,157,O,O,0.09,,
04/02/2025 18:00,47,0,17,3,3,,,8,,0,0,,,,,AD,,SolarAnywhere4_0,04/02/2025 10:00,47,O,O,0.09,,
04/02/2025 19:00,1,0,14,5,19,,,9.8,,0,0,,,,,AD,,SolarAnywhere4_0,04/02/2025 11:00,1,O,O,0.09,,
04/02/2025 20:00,0,0,12,6,25,,,10.5,,0,0,,,,,AN,,SolarAnywhere4_0,04/02/2025 12:00,0,O,O,0.09,,
04/02/2025 21:00,0,0,12,5,29,,,9.7,,0,0,,,,,AN,,SolarAnywhere4_0,04/02/2025 13:00,0,O,O,0.09,,
04/02/2025 22:00,0,0,12,4,33,,,8.4,,0,0,,,,,AN,,SolarAnywhere4_0,04/02/2025 14:00,0,O,O,0.09,,
04/02/2025 23:00,0,0,11,4,30,,,7.2,,0,0,,,,,AN,,SolarAnywhere4_0,04/02/2025 15:00,0,O,O,0.09,,
04/03/2025 00:00,0,0,11,4,26,,,6.3,,0,0,,,,,AN,,SolarAnywhere4_0,04/02/2025 16:00,0,O,O,0.09,,
04/03/2025 01:00,0,0,10,4,25,,,6.1,,0,0,,,,,AN,,SolarAnywhere4_0,04/02/2025 17:00,0,O,O,0.09,,
04/03/2025 02:00,0,0,10,3,24,,,6.1,,0,0,,,,,AN,,SolarAnywhere4_0,04/02/2025 18:00,0,O,O,0.09,,
04/03/2025 03:00,0,0,10,3,26,,,5.9,,0,0,,,,,AN,,SolarAnywhere4_0,04/02/2025 19:00,0,O,O,0.09,,
04/03/2025 04:00,0,0,10,3,29,,,5.5,,0,0,,,,,AN,,SolarAnywhere4_0,04/02/2025 20:00,0,O,O,0.09,,
04/03/2025 05:00,0,0,9,2,28,,,5.2,,0,0,,,,,AN,,SolarAnywhere4_0,04/02/2025 21:00,0,O,O,0.09,,
04/03/2025 06:00,4,0,9,2,32,,,4.5,,0,0,,,,,AD,,SolarAnywhere4_0,04/02/2025 22:00,4,O,O,0.09,,
04/03/2025 07:00,118,162,10,2,34,,,4,,0,0,,,,,AD,,SolarAnywhere4_0,04/02/2025 23:00,91,O,O,0.09,,
04/03/2025 08:00,291,322,11,1,42,,,4.3,,0,0,,,,,AD,,SolarAnywhere4_0,04/03/2025 00:00,168,O,O,0.09,,
04/03/2025 09:00,540,518,12,1,79,,,4.9,,0,0,,,,,AD,,SolarAnywhere4_0,04/03/2025 01:00,242,O,O,0.09,,
04/03/2025 10:00,565,312,13,2,90,,,5.4,,0,0,,,,,AD,,SolarAnywhere4_0,04/03/2025 02:00,337,O,O,0.09,,
04/03/2025 11:00,873,673,15,2,90,,,5.7,,0,0,,,,,AD,,SolarAnywhere4_0,04/03/2025 03:00,309,O,O,0.09,,
04/03/2025 12:00,964,794,15,1,83,,,5.7,,0,0,,,,,AD,,SolarAnywhere4_0,04/03/2025 04:00,254,O,O,0.09,,
04/03/2025 13:00,950,778,16,1,79,,,5.7,,0,0,,,,,AD,,SolarAnywhere4_0,04/03/2025 05:00,257,O,O,0.09,,
04/03/2025 14:00,858,692,17,1,75,,,5.7,,0,0,,,,,AD,,SolarAnywhere4_0,04/03/2025 06:00,283,O,O,0.09,,
04/03/2025 15:00,698,592,16,2,79,,,5.8,,0,0,,,,,AD,,SolarAnywhere4_0,04/03/2025 07:00,273,O,O,0.09,,
04/03/2025 16:00,514,510,16,2,85,,,6.2,,0,0,,,,,AD,,SolarAnywhere4_0,04/03/2025 08:00,229,O,O,0.09,,
04/03/2025 17:00,291,311,15,3,94,,,6.7,,0,0,,,,,AD,,SolarAnywhere4_0,04/03/2025 09:00,177,O,O,0.09,,
04/03/2025 18:00,76,54,14,4,105,,,7.1,,0,0,,,,,AD,,SolarAnywhere4_0,04/03/2025 10:00,68,O,O,0.09,,
04/03/2025 19:00,2,0,12,3,112,,,6.5,,0,0,,,,,AD,,SolarAnywhere4_0,04/03/2025 11:00,2,O,O,0.09,,
04/03/2025 20:00,0,0,12,4,121,,,5.7,,0,0,,,,,AN,,SolarAnywhere4_0,04/03/2025 12:00,0,O,O,0.09,,
04/03/2025 21:00,0,0,11,3,133,,,5.5,,0,0,,,,,AN,,SolarAnywhere4_0,04/03/2025 13:00,0,O,O,0.09,,
04/03/2025 22:00,0,0,10,3,141,,,5.5,,0,0,,,,,AN,,SolarAnywhere4_0,04/03/2025 14:00,0,O,O,0.09,,
04/03/2025 23:00,0,0,10,3,143,,,5.5,,0,0,,,,,AN,,SolarAnywhere4_0,04/03/2025 15:00,0,O,O,0.09,,
04/04/2025 00:00,0,0,10,3,144,,,5.6,,0,0,,,,,AN,,SolarAnywhere4_0,04/03/2025 16:00,0,O,O,0.09,,
04/04/2025 01:00,0,0,10,4,152,,,5.8,,0,0,,,,,AN,,SolarAnywhere4_0,04/03/2025 17:00,0,O,O,0.09,,
04/04/2025 02:00,0,0,9,4,155,,,5.8,,0,0,,,,,AN,,SolarAnywhere4_0,04/03/2025 18:00,0,O,O,0.09,,
04/04/2025 03:00,0,0,10,4,154,,,6,,0,0,,,,,AN,,SolarAnywhere4_0,04/03/2025 19:00,0,O,O,0.09,,
04/04/2025 04:00,0,0,10,3,153,,,6.2,,0,0,,,,,AN,,SolarAnywhere4_0,04/03/2025 20:00,0,O,O,0.09,,
04/04/2025 05:00,0,0,9,3,153,,,6.3,,0,0,,,,,AN,,SolarAnywhere4_0,04/03/2025 21:00,0,O,O,0.09,,
04/04/2025 06:00,5,0,9,4,155,,,6.4,,0,0,,,,,AD,,SolarAnywhere4_0,04/03/2025 22:00,5,O,O,0.09,,
04/04/2025 07:00,95,65,11,3,155,,,6.8,,0,0,,,,,AD,,SolarAnywhere4_0,04/03/2025 23:00,84,O,O,0.09,,
04/04/2025 08:00,282,238,12,4,146,,,7.9,,0,0,,,,,AD,,SolarAnywhere4_0,04/04/2025 00:00,190,O,O,0.09,,
04/04/2025 09:00,474,347,13,5,147,,,8.9,,0,0,,,,,AD,,SolarAnywhere4_0,04/04/2025 01:00,273,O,O,0.09,,
04/04/2025 10:00,640,426,13,5,147,,,9.9,,0,0,,,,,AD,,SolarAnywhere4_0,04/04/2025 02:00,328,O,O,0.09,,
04/04/2025 11:00,698,348,16,5,148,,,10.9,,0,0,,,,,AD,,SolarAnywhere4_0,04/04/2025 03:00,405,O,O,0.09,,
04/04/2025 12:00,696,269,16,6,146,,,11.4,,0,0,,,,,AD,,SolarAnywhere4_0,04/04/2025 04:00,455,O,O,0.09,,
04/04/2025 13:00,601,177,16,5,144,,,11.8,,0,0,,,,,AD,,SolarAnywhere4_0,04/04/2025 05:00,443,O,O,0.09,,
04/04/2025 14:00,332,24,16,6,146,,,12.1,,0,0,,,,,AD,,SolarAnywhere4_0,04/04/2025 06:00,312,O,O,0.09,,
04/04/2025 15:00,248,7,16,6,146,,,11.6,,0,0,,,,,AD,,SolarAnywhere4_0,04/04/2025 07:00,243,O,O,0.09,,
04/04/2025 16:00,183,9,14,6,142,,,11,,0,0,,,,,AD,,SolarAnywhere4_0,04/04/2025 08:00,178,O,O,0.09,,
04/04/2025 17:00,46,0,14,6,144,,,10.7,,0,0,,,,,AD,,SolarAnywhere4_0,04/04/2025 09:00,46,O,O,0.09,,
04/04/2025 18:00,14,0,14,6,144,,,10.4,,0,0,,,,,AD,,SolarAnywhere4_0,04/04/2025 10:00,14,O,O,0.09,,
04/04/2025 19:00,0,0,13,6,144,,,10.2,,0,0,,,,,AD,,SolarAnywhere4_0,04/04/2025 11:00,0,O,O,0.09,,
04/04/2025 20:00,0,0,13,6,146,,,10.2,,0,0,,,,,AN,,SolarAnywhere4_0,04/04/2025 12:00,0,O,O,0.09,,
04/04/2025 21:00,0,0,14,6,152,,,10.2,,0,0,,,,,AN,,SolarAnywhere4_0,04/04/2025 13:00,0,O,O,0.09,,
04/04/2025 22:00,0,0,14,6,160,,,10.3,,0,0,,,,,AN,,SolarAnywhere4_0,04/04/2025 14:00,0,O,O,0.09,,
04/04/2025 23:00,0,0,13,6,165,,,10.3,,0,0,,,,,AN,,SolarAnywhere4_0,04/04/2025 15:00,0,O,O,0.09,,
04/05/2025 00:00,0,0,14,5,166,,,10,,0,0,,,,,AN,,SolarAnywhere4_0,04/04/2025 16:00,0,O,O,0.09,,
04/05/2025 01:00,0,0,14,5,169,,,9.6,,0,0,,,,,AN,,SolarAnywhere4_0,04/04/2025 17:00,0,O,O,0.09,,
04/05/2025 02:00,0,0,14,4,176,,,9.1,,0,0,,,,,AN,,SolarAnywhere4_0,04/04/2025 18:00,0,O,O,0.09,,
04/05/2025 03:00,0,0,14,4,190,,,8,,0,0,,,,,AN,,SolarAnywhere4_0,04/04/2025 19:00,0,O,O,0.09,,
04/05/2025 04:00,0,0,14,2,207,,,6.1,,0,0,,,,,AN,,SolarAnywhere4_0,04/04/2025 20:00,0,O,O,0.09,,
04/05/2025 05:00,0,0,14,2,224,,,4.5,,0,0,,,,,AN,,SolarAnywhere4_0,04/04/2025 21:00,0,O,O,0.09,,
04/05/2025 06:00,0,0,13,2,225,,,3.5,,0.005,0,,,,,AD,,SolarAnywhere4_0,04/04/2025 22:00,0,O,O,0.09,,
04/05/2025 07:00,17,0,14,2,244,,,3.1,,0.0299,0,,,,,AD,,SolarAnywhere4_0,04/04/2025 23:00,17,O,O,0.09,,
04/05/2025 08:00,42,0,14,2,227,,,3.1,,0.005,0,,,,,AD,,SolarAnywhere4_0,04/05/2025 00:00,42,O,O,0.09,,
04/05/2025 09:00,254,58,14,1,191,,,3.5,,0,0,,,,,AD,,SolarAnywhere4_0,04/05/2025 01:00,220,O,O,0.09,,
04/05/2025 10:00,554,241,16,1,294,,,4.9,,0.0049,0,,,,,AD,,SolarAnywhere4_0,04/05/2025 02:00,376,O,O,0.09,,
04/05/2025 11:00,710,360,19,1,300,,,6.9,,0.0362,0,,,,,AD,,SolarAnywhere4_0,04/05/2025 03:00,406,O,O,0.09,,
04/05/2025 12:00,837,487,21,2,292,,,8.8,,0.0488,0,,,,,AD,,SolarAnywhere4_0,04/05/2025 04:00,399,O,O,0.09,,
04/05/2025 13:00,759,378,21,3,301,,,9.8,,0.032,0,,,,,AD,,SolarAnywhere4_0,04/05/2025 05:00,420,O,O,0.09,,
04/05/2025 14:00,652,271,22,3,318,,,10.1,,0.0312,0,,,,,AD,,SolarAnywhere4_0,04/05/2025 06:00,425,O,O,0.09,,
04/05/2025 15:00,479,154,23,2,336,,,9.6,,0.1619,0,,,,,AD,,SolarAnywhere4_0,04/05/2025 07:00,368,O,O,0.09,,
04/05/2025 16:00,309,59,22,2,14,,,7.7,,0.027,0,,,,,AD,,SolarAnywhere4_0,04/05/2025 08:00,276,O,O,0.09,,
04/05/2025 17:00,189,46,20,2,64,,,6.1,,0,0,,,,,AD,,SolarAnywhere4_0,04/05/2025 09:00,172,O,O,0.09,,
04/05/2025 18:00,55,5,19,3,88,,,5.7,,0,0,,,,,AD,,SolarAnywhere4_0,04/05/2025 10:00,54,O,O,0.09,,
04/05/2025 19:00,2,0,16,3,87,,,5.7,,0,0,,,,,AD,,SolarAnywhere4_0,04/05/2025 11:00,2,O,O,0.09,,
04/05/2025 20:00,0,0,16,3,97,,,5.7,,0,0,,,,,AN,,SolarAnywhere4_0,04/05/2025 12:00,0,O,O,0.09,,
04/05/2025 21:00,0,0,15,3,86,,,5.3,,0,0,,,,,AN,,SolarAnywhere4_0,04/05/2025 13:00,0,O,O,0.09,,
04/05/2025 22:00,0,0,14,3,72,,,5.3,,0,0,,,,,AN,,SolarAnywhere4_0,04/05/2025 14:00,0,O,O,0.09,,
04/05/2025 23:00,0,0,14,3,71,,,5.9,,0,0,,,,,AN,,SolarAnywhere4_0,04/05/2025 15:00,0,O,O,0.09,,
04/06/2025 00:00,0,0,14,3,72,,,6.7,,0,0,,,,,AN,,SolarAnywhere4_0,04/05/2025 16:00,0,O,O,0.09,,
04/06/2025 01:00,0,0,14,2,75,,,6.9,,0,0,,,,,AN,,SolarAnywhere4_0,04/05/2025 17:00,0,O,O,0.09,,
04/06/2025 02:00,0,0,13,2,80,,,6.8,,0,0,,,,,AN,,SolarAnywhere4_0,04/05/2025 18:00,0,O,O,0.09,,
04/06/2025 03:00,0,0,12,2,88,,,5.2,,0,0,,,,,AN,,SolarAnywhere4_0,04/05/2025 19:00,0,O,O,0.09,,
04/06/2025 04:00,0,0,12,2,98,,,3.9,,0,0,,,,,AN,,SolarAnywhere4_0,04/05/2025 20:00,0,O,O,0.09,,
04/06/2025 05:00,0,0,12,2,99,,,4.1,,0,0,,,,,AN,,SolarAnywhere4_0,04/05/2025 21:00,0,O,O,0.09,,
04/06/2025 06:00,6,0,12,2,100,,,4.2,,0,0,,,,,AD,,SolarAnywhere4_0,04/05/2025 22:00,6,O,O,0.09,,
04/06/2025 07:00,102,74,14,2,104,,,4.7,,0,0,,,,,AD,,SolarAnywhere4_0,04/05/2025 23:00,88,O,O,0.09,,
04/06/2025 08:00,300,265,14,2,116,,,5.2,,0,0,,,,,AD,,SolarAnywhere4_0,04/06/2025 00:00,195,O,O,0.09,,
04/06/2025 09:00,516,439,15,2,133,,,5.5,,0,0,,,,,AD,,SolarAnywhere4_0,04/06/2025 01:00,259,O,O,0.09,,
04/06/2025 10:00,716,569,15,2,150,,,5.7,,0,0,,,,,AD,,SolarAnywhere4_0,04/06/2025 02:00,295,O,O,0.09,,
04/06/2025 11:00,870,691,18,2,170,,,5.9,,0,0,,,,,AD,,SolarAnywhere4_0,04/06/2025 03:00,284,O,O,0.09,,
04/06/2025 12:00,902,654,19,1,179,,,6,,0,0,,,,,AD,,SolarAnywhere4_0,04/06/2025 04:00,312,O,O,0.09,,
04/06/2025 13:00,895,645,20,0,194,,,5.8,,0,0,,,,,AD,,SolarAnywhere4_0,04/06/2025 05:00,315,O,O,0.09,,
04/06/2025 14:00,839,643,21,0,274,,,5.8,,0,0,,,,,AD,,SolarAnywhere4_0,04/06/2025 06:00,300,O,O,0.09,,
04/06/2025 15:00,692,583,22,1,51,,,6,,0,0,,,,,AD,,SolarAnywhere4_0,04/06/2025 07:00,269,O,O,0.09,,
04/06/2025 16:00,514,507,20,2,78,,,6.6,,0,0,,,,,AD,,SolarAnywhere4_0,04/06/2025 08:00,227,O,O,0.09,,
04/06/2025 17:00,291,295,20,3,95,,,7.3,,0,0,,,,,AD,,SolarAnywhere4_0,04/06/2025 09:00,181,O,O,0.09,,
04/06/2025 18:00,80,56,18,4,105,,,7.7,,0,0,,,,,AD,,SolarAnywhere4_0,04/06/2025 10:00,71,O,O,0.09,,
04/06/2025 19:00,2,0,16,4,110,,,7.6,,0,0,,,,,AD,,SolarAnywhere4_0,04/06/2025 11:00,2,O,O,0.09,,
04/06/2025 20:00,0,0,15,4,119,,,7.2,,0,0,,,,,AN,,SolarAnywhere4_0,04/06/2025 12:00,0,O,O,0.09,,
04/06/2025 21:00,0,0,15,4,127,,,7,,0,0,,,,,AN,,SolarAnywhere4_0,04/06/2025 13:00,0,O,O,0.09,,
04/06/2025 22:00,0,0,14,4,132,,,6.9,,0,0,,,,,AN,,SolarAnywhere4_0,04/06/2025 14:00,0,O,O,0.09,,
04/06/2025 23:00,0,0,14,4,141,,,7.1,,0,0,,,,,AN,,SolarAnywhere4_0,04/06/2025 15:00,0,O,O,0.09,,
04/07/2025 00:00,0,0,14,4,150,,,7.4,,0,0,,,,,AN,,SolarAnywhere4_0,04/06/2025 16:00,0,O,O,0.09,,
04/07/2025 01:00,0,0,14,4,157,,,7.5,,0,0,,,,,AN,,SolarAnywhere4_0,04/06/2025 17:00,0,O,O,0.09,,
04/07/2025 02:00,0,0,13,4,163,,,7.5,,0,0,,,,,AN,,SolarAnywhere4_0,04/06/2025 18:00,0,O,O,0.09,,
04/07/2025 03:00,0,0,13,4,169,,,7.6,,0,0,,,,,AN,,SolarAnywhere4_0,04/06/2025 19:00,0,O,O,0.09,,
04/07/2025 04:00,0,0,12,4,171,,,7.3,,0,0,,,,,AN,,SolarAnywhere4_0,04/06/2025 20:00,0,O,O,0.09,,
04/07/2025 05:00,0,0,12,4,170,,,6.7,,0,0,,,,,AN,,SolarAnywhere4_0,04/06/2025 21:00,0,O,O,0.09,,
04/07/2025 06:00,8,5,12,4,167,,,6.5,,0,0,,,,,AD,,SolarAnywhere4_0,04/06/2025 22:00,8,O,O,0.09,,
04/07/2025 07:00,124,161,14,3,164,,,7.1,,0,0,,,,,AD,,SolarAnywhere4_0,04/06/2025 23:00,94,O,O,0.09,,
04/07/2025 08:00,342,431,15,4,162,,,7.9,,0,0,,,,,AD,,SolarAnywhere4_0,04/07/2025 00:00,170,O,O,0.09,,
04/07/2025 09:00,560,596,16,5,170,,,8.7,,0,0,,,,,AD,,SolarAnywhere4_0,04/07/2025 01:00,208,O,O,0.09,,
04/07/2025 10:00,733,650,17,5,175,,,9.4,,0,0,,,,,AD,,SolarAnywhere4_0,04/07/2025 02:00,249,O,O,0.09,,
04/07/2025 11:00,878,721,20,5,178,,,10.2,,0,0,,,,,AD,,SolarAnywhere4_0,04/07/2025 03:00,264,O,O,0.09,,
04/07/2025 12:00,933,705,21,5,181,,,10.8,,0,0,,,,,AD,,SolarAnywhere4_0,04/07/2025 04:00,295,O,O,0.09,,
04/07/2025 13:00,887,574,22,5,183,,,10.9,,0,0,,,,,AD,,SolarAnywhere4_0,04/07/2025 05:00,369,O,O,0.09,,
04/07/2025 14:00,615,236,24,5,181,,,10.8,,0,0,,,,,AD,,SolarAnywhere4_0,04/07/2025 06:00,416,O,O,0.09,,
04/07/2025 15:00,345,46,24,5,173,,,10,,0,0,,,,,AD,,SolarAnywhere4_0,04/07/2025 07:00,312,O,O,0.09,,
04/07/2025 16:00,202,6,23,5,159,,,9.1,,0,0,,,,,AD,,SolarAnywhere4_0,04/07/2025 08:00,199,O,O,0.09,,
04/07/2025 17:00,106,0,22,5,148,,,8.9,,0,0,,,,,AD,,SolarAnywhere4_0,04/07/2025 09:00,106,O,O,0.09,,
04/07/2025 18:00,23,0,20,5,150,,,8.9,,0,0,,,,,AD,,SolarAnywhere4_0,04/07/2025 10:00,23,O,O,0.09,,
04/07/2025 19:00,3,0,19,5,151,,,9.3,,0,0,,,,,AD,,SolarAnywhere4_0,04/07/2025 11:00,3,O,O,0.09,,
04/07/2025 20:00,0,0,19,5,153,,,9.8,,0,0,,,,,AN,,SolarAnywhere4_0,04/07/2025 12:00,0,O,O,0.09,,
04/07/2025 21:00,0,0,18,6,158,,,9.9,,0,0,,,,,AN,,SolarAnywhere4_0,04/07/2025 13:00,0,O,O,0.09,,
04/07/2025 22:00,0,0,18,6,162,,,10.3,,0,0,,,,,AN,,SolarAnywhere4_0,04/07/2025 14:00,0,O,O,0.09,,
04/07/2025 23:00,0,0,18,6,167,,,10.8,,0,0,,,,,AN,,SolarAnywhere4_0,04/07/2025 15:00,0,O,O,0.09,,
04/08/2025 00:00,0,0,18,6,170,,,10.7,,0,0,,,,,AN,,SolarAnywhere4_0,04/07/2025 16:00,0,O,O,0.09,,
04/08/2025 01:00,0,0,16,6,173,,,10.3,,0,0,,,,,AN,,SolarAnywhere4_0,04/07/2025 17:00,0,O,O,0.09,,
04/08/2025 02:00,0,0,16,4,176,,,9.6,,0,0,,,,,AN,,SolarAnywhere4_0,04/07/2025 18:00,0,O,O,0.09,,
04/08/2025 03:00,0,0,15,4,176,,,8.2,,0,0,,,,,AN,,SolarAnywhere4_0,04/07/2025 19:00,0,O,O,0.09,,
04/08/2025 04:00,0,0,14,4,179,,,6.5,,0,0,,,,,AN,,SolarAnywhere4_0,04/07/2025 20:00,0,O,O,0.09,,
04/08/2025 05:00,0,0,14,3,182,,,5.5,,0,0,,,,,AN,,SolarAnywhere4_0,04/07/2025 21:00,0,O,O,0.09,,
04/08/2025 06:00,8,6,15,2,183,,,4.9,,0,0,,,,,AD,,SolarAnywhere4_0,04/07/2025 22:00,8,O,O,0.09,,
04/08/2025 07:00,124,170,17,2,191,,,4.8,,0,0,,,,,AD,,SolarAnywhere4_0,04/07/2025 23:00,92,O,O,0.09,,
04/08/2025 08:00,338,439,17,2,205,,,5,,0,0,,,,,AD,,SolarAnywhere4_0,04/08/2025 00:00,161,O,O,0.09,,
04/08/2025 09:00,556,597,19,2,221,,,5.3,,0,0,,,,,AD,,SolarAnywhere4_0,04/08/2025 01:00,202,O,O,0.09,,
04/08/2025 10:00,727,644,21,2,234,,,5.4,,0,0,,,,,AD,,SolarAnywhere4_0,04/08/2025 02:00,246,O,O,0.09,,
04/08/2025 11:00,847,655,24,2,253,,,5.3,,0,0,,,,,AD,,SolarAnywhere4_0,04/08/2025 03:00,287,O,O,0.09,,
04/08/2025 12:00,906,653,25,1,268,,,5,,0,0,,,,,AD,,SolarAnywhere4_0,04/08/2025 04:00,313,O,O,0.09,,
04/08/2025 13:00,900,649,25,0,285,,,4.5,,0,0,,,,,AD,,SolarAnywhere4_0,04/08/2025 05:00,313,O,O,0.09,,
04/08/2025 14:00,821,601,27,0,348,,,4.3,,0,0,,,,,AD,,SolarAnywhere4_0,04/08/2025 06:00,314,O,O,0.09,,
04/08/2025 15:00,664,482,27,1,66,,,4.4,,0,0,,,,,AD,,SolarAnywhere4_0,04/08/2025 07:00,312,O,O,0.09,,
04/08/2025 16:00,471,356,26,2,79,,,5.1,,0,0,,,,,AD,,SolarAnywhere4_0,04/08/2025 08:00,268,O,O,0.09,,
04/08/2025 17:00,250,170,24,3,89,,,5.8,,0,0,,,,,AD,,SolarAnywhere4_0,04/08/2025 09:00,186,O,O,0.09,,
04/08/2025 18:00,44,20,22,3,96,,,6.1,,0,0,,,,,AD,,SolarAnywhere4_0,04/08/2025 10:00,41,O,O,0.09,,
04/08/2025 19:00,0,0,20,3,105,,,5.8,,0,0,,,,,AD,,SolarAnywhere4_0,04/08/2025 11:00,0,O,O,0.09,,
04/08/2025 20:00,0,0,18,3,112,,,5.6,,0,0,,,,,AN,,SolarAnywhere4_0,04/08/2025 12:00,0,O,O,0.09,,
04/08/2025 21:00,0,0,18,3,119,,,5.8,,0,0,,,,,AN,,SolarAnywhere4_0,04/08/2025 13:00,0,O,O,0.09,,
04/08/2025 22:00,0,0,18,3,119,,,5.8,,0,0,,,,,AN,,SolarAnywhere4_0,04/08/2025 14:00,0,O,O,0.09,,
04/08/2025 23:00,0,0,17,2,116,,,5.7,,0,0,,,,,AN,,SolarAnywhere4_0,04/08/2025 15:00,0,O,O,0.09,,
04/09/2025 00:00,0,0,17,2,120,,,5.4,,0,0,,,,,AN,,SolarAnywhere4_0,04/08/2025 16:00,0,O,O,0.09,,
04/09/2025 01:00,0,0,16,2,132,,,5.2,,0,0,,,,,AN,,SolarAnywhere4_0,04/08/2025 17:00,0,O,O,0.09,,
04/09/2025 02:00,0,0,16,2,139,,,5.4,,0,0,,,,,AN,,SolarAnywhere4_0,04/08/2025 18:00,0,O,O,0.09,,
04/09/2025 03:00,0,0,16,2,148,,,4.9,,0,0,,,,,AN,,SolarAnywhere4_0,04/08/2025 19:00,0,O,O,0.09,,
04/09/2025 04:00,0,0,16,2,156,,,4.4,,0,0,,,,,AN,,SolarAnywhere4_0,04/08/2025 20:00,0,O,O,0.09,,
04/09/2025 05:00,0,0,16,3,164,,,4.6,,0,0,,,,,AN,,SolarAnywhere4_0,04/08/2025 21:00,0,O,O,0.09,,
04/09/2025 06:00,7,0,16,3,175,,,4.8,,0,0,,,,,AD,,SolarAnywhere4_0,04/08/2025 22:00,7,O,O,0.09,,
04/09/2025 07:00,108,82,18,3,184,,,5.2,,0,0,,,,,AD,,SolarAnywhere4_0,04/08/2025 23:00,92,O,O,0.09,,
04/09/2025 08:00,311,304,18,3,190,,,5.6,,0,0,,,,,AD,,SolarAnywhere4_0,04/09/2025 00:00,187,O,O,0.09,,
04/09/2025 09:00,521,470,19,3,208,,,6.1,,0,0,,,,,AD,,SolarAnywhere4_0,04/09/2025 01:00,240,O,O,0.09,,
04/09/2025 10:00,593,321,21,3,218,,,6.9,,0,0,,,,,AD,,SolarAnywhere4_0,04/09/2025 02:00,352,O,O,0.09,,
04/09/2025 11:00,781,473,24,4,235,,,8,,0,0,,,,,AD,,SolarAnywhere4_0,04/09/2025 03:00,375,O,O,0.09,,
04/09/2025 12:00,832,512,26,4,256,,,9.5,,0.0046,0,,,,,AD,,SolarAnywhere4_0,04/09/2025 04:00,366,O,O,0.09,,
04/09/2025 13:00,667,343,26,5,273,,,10,,0.0305,0,,,,,AD,,SolarAnywhere4_0,04/09/2025 05:00,356,O,O,0.09,,
04/09/2025 14:00,623,361,26,4,284,,,9.1,,0.0214,0,,,,,AD,,SolarAnywhere4_0,04/09/2025 06:00,318,O,O,0.09,,
04/09/2025 15:00,623,416,26,4,295,,,7.7,,0.0028,0,,,,,AD,,SolarAnywhere4_0,04/09/2025 07:00,319,O,O,0.09,,
04/09/2025 16:00,438,279,25,2,298,,,6.4,,0,0,,,,,AD,,SolarAnywhere4_0,04/09/2025 08:00,278,O,O,0.09,,
04/09/2025 17:00,233,134,25,1,322,,,4.4,,0,0,,,,,AD,,SolarAnywhere4_0,04/09/2025 09:00,182,O,O,0.09,,
04/09/2025 18:00,71,35,23,1,80,,,2.8,,0,0,,,,,AD,,SolarAnywhere4_0,04/09/2025 10:00,65,O,O,0.09,,
04/09/2025 19:00,3,0,21,2,78,,,3,,0,0,,,,,AD,,SolarAnywhere4_0,04/09/2025 11:00,3,O,O,0.09,,
04/09/2025 20:00,0,0,19,3,82,,,3.7,,0,0,,,,,AN,,SolarAnywhere4_0,04/09/2025 12:00,0,O,O,0.09,,
04/09/2025 21:00,0,0,19,2,91,,,3.9,,0,0,,,,,AN,,SolarAnywhere4_0,04/09/2025 13:00,0,O,O,0.09,,
04/09/2025 22:00,0,0,18,2,112,,,3.6,,0,0,,,,,AN,,SolarAnywhere4_0,04/09/2025 14:00,0,O,O,0.09,,
04/09/2025 23:00,0,0,18,2,135,,,3.4,,0,0,,,,,AN,,SolarAnywhere4_0,04/09/2025 15:00,0,O,O,0.09,,
04/10/2025 00:00,0,0,18,2,167,,,3.7,,0,0,,,,,AN,,SolarAnywhere4_0,04/09/2025 16:00,0,O,O,0.09,,
04/10/2025 01:00,0,0,18,3,198,,,4.1,,0,0,,,,,AN,,SolarAnywhere4_0,04/09/2025 17:00,0,O,O,0.09,,
04/10/2025 02:00,0,0,18,3,226,,,4.4,,0,0,,,,,AN,,SolarAnywhere4_0,04/09/2025 18:00,0,O,O,0.09,,
04/10/2025 03:00,0,0,18,3,265,,,4.7,,0,0,,,,,AN,,SolarAnywhere4_0,04/09/2025 19:00,0,O,O,0.09,,
04/10/2025 04:00,0,0,18,3,338,,,5.5,,0,0,,,,,AN,,SolarAnywhere4_0,04/09/2025 20:00,0,O,O,0.09,,
04/10/2025 05:00,0,0,17,2,17,,,6.1,,0,0,,,,,AN,,SolarAnywhere4_0,04/09/2025 21:00,0,O,O,0.09,,
04/10/2025 06:00,6,0,17,2,38,,,5.4,,0,0,,,,,AD,,SolarAnywhere4_0,04/09/2025 22:00,6,O,O,0.09,,
04/10/2025 07:00,94,34,17,2,114,,,3.8,,0,0,,,,,AD,,SolarAnywhere4_0,04/09/2025 23:00,87,O,O,0.09,,
04/10/2025 08:00,243,88,17,1,154,,,3.1,,0,0,,,,,AD,,SolarAnywhere4_0,04/10/2025 00:00,207,O,O,0.09,,
04/10/2025 09:00,433,217,18,0,127,,,4.4,,0,0,,,,,AD,,SolarAnywhere4_0,04/10/2025 01:00,303,O,O,0.09,,
04/10/2025 10:00,634,379,19,1,51,,,7.2,,0,0,,,,,AD,,SolarAnywhere4_0,04/10/2025 02:00,348,O,O,0.09,,
04/10/2025 11:00,775,485,20,2,51,,,9.2,,0,0,,,,,AD,,SolarAnywhere4_0,04/10/2025 03:00,358,O,O,0.09,,
04/10/2025 12:00,794,441,20,3,51,,,10,,0,0,,,,,AD,,SolarAnywhere4_0,04/10/2025 04:00,391,O,O,0.09,,
04/10/2025 13:00,676,340,20,4,55,,,10.3,,0,0,,,,,AD,,SolarAnywhere4_0,04/10/2025 05:00,367,O,O,0.09,,
04/10/2025 14:00,531,161,20,4,61,,,10.3,,0,0,,,,,AD,,SolarAnywhere4_0,04/10/2025 06:00,394,O,O,0.09,,
04/10/2025 15:00,358,77,20,4,65,,,10,,0,0,,,,,AD,,SolarAnywhere4_0,04/10/2025 07:00,302,O,O,0.09,,
04/10/2025 16:00,219,36,20,4,69,,,9.7,,0,0,,,,,AD,,SolarAnywhere4_0,04/10/2025 08:00,198,O,O,0.09,,
04/10/2025 17:00,85,0,18,4,70,,,9.4,,0,0,,,,,AD,,SolarAnywhere4_0,04/10/2025 09:00,85,O,O,0.09,,
04/10/2025 18:00,45,0,17,4,74,,,8.4,,0,0,,,,,AD,,SolarAnywhere4_0,04/10/2025 10:00,45,O,O,0.09,,
04/10/2025 19:00,2,0,16,4,92,,,7.1,,0,0,,,,,AD,,SolarAnywhere4_0,04/10/2025 11:00,2,O,O,0.09,,
04/10/2025 20:00,0,0,15,4,105,,,6.4,,0,0,,,,,AN,,SolarAnywhere4_0,04/10/2025 12:00,0,O,O,0.09,,
04/10/2025 21:00,0,0,15,4,120,,,6,,0,0,,,,,AN,,SolarAnywhere4_0,04/10/2025 13:00,0,O,O,0.09,,
04/10/2025 22:00,0,0,15,3,120,,,5.5,,0,0,,,,,AN,,SolarAnywhere4_0,04/10/2025 14:00,0,O,O,0.09,,
04/10/2025 23:00,0,0,15,3,109,,,5.3,,0,0,,,,,AN,,SolarAnywhere4_0,04/10/2025 15:00,0,O,O,0.09,,
04/11/2025 00:00,0,0,15,3,110,,,5.6,,0,0,,,,,AN,,SolarAnywhere4_0,04/10/2025 16:00,0,O,O,0.09,,
04/11/2025 01:00,0,0,14,4,123,,,6.1,,0,0,,,,,AN,,SolarAnywhere4_0,04/10/2025 17:00,0,O,O,0.09,,
04/11/2025 02:00,0,0,14,4,135,,,6.3,,0,0,,,,,AN,,SolarAnywhere4_0,04/10/2025 18:00,0,O,O,0.09,,
04/11/2025 03:00,0,0,14,4,144,,,6.5,,0,0,,,,,AN,,SolarAnywhere4_0,04/10/2025 19:00,0,O,O,0.09,,
04/11/2025 04:00,0,0,14,3,149,,,6.5,,0,0,,,,,AN,,SolarAnywhere4_0,04/10/2025 20:00,0,O,O,0.09,,
04/11/2025 05:00,0,0,14,3,146,,,5.8,,0,0,,,,,AN,,SolarAnywhere4_0,04/10/2025 21:00,0,O,O,0.09,,
04/11/2025 06:00,6,0,14,2,133,,,5.1,,0,0,,,,,AD,,SolarAnywhere4_0,04/10/2025 22:00,6,O,O,0.09,,
04/11/2025 07:00,114,85,16,2,147,,,5.4,,0,0,,,,,AD,,SolarAnywhere4_0,04/10/2025 23:00,97,O,O,0.09,,
04/11/2025 08:00,310,262,16,3,137,,,6.2,,0,0,,,,,AD,,SolarAnywhere4_0,04/11/2025 00:00,201,O,O,0.09,,
04/11/2025 09:00,431,252,16,3,133,,,6.7,,0,0,,,,,AD,,SolarAnywhere4_0,04/11/2025 01:00,279,O,O,0.09,,
04/11/2025 10:00,630,377,18,2,131,,,7.4,,0,0,,,,,AD,,SolarAnywhere4_0,04/11/2025 02:00,344,O,O,0.09,,
04/11/2025 11:00,718,365,20,2,134,,,8.2,,0,0,,,,,AD,,SolarAnywhere4_0,04/11/2025 03:00,403,O,O,0.09,,
04/11/2025 12:00,583,179,21,3,131,,,8.7,,0,0,,,,,AD,,SolarAnywhere4_0,04/11/2025 04:00,419,O,O,0.09,,
04/11/2025 13:00,463,65,22,3,134,,,8.9,,0,0,,,,,AD,,SolarAnywhere4_0,04/11/2025 05:00,404,O,O,0.09,,
04/11/2025 14:00,301,13,23,4,133,,,9.1,,0,0,,,,,AD,,SolarAnywhere4_0,04/11/2025 06:00,290,O,O,0.09,,
04/11/2025 15:00,236,7,22,4,128,,,9,,0,0,,,,,AD,,SolarAnywhere4_0,04/11/2025 07:00,231,O,O,0.09,,
04/11/2025 16:00,137,0,22,4,126,,,8.8,,0,0,,,,,AD,,SolarAnywhere4_0,04/11/2025 08:00,137,O,O,0.09,,
04/11/2025 17:00,78,0,21,5,125,,,8.7,,0,0,,,,,AD,,SolarAnywhere4_0,04/11/2025 09:00,78,O,O,0.09,,
04/11/2025 18:00,65,31,20,4,131,,,8.7,,0,0,,,,,AD,,SolarAnywhere4_0,04/11/2025 10:00,60,O,O,0.09,,
04/11/2025 19:00,5,0,19,4,130,,,9,,0,0,,,,,AD,,SolarAnywhere4_0,04/11/2025 11:00,5,O,O,0.09,,
04/11/2025 20:00,0,0,19,5,138,,,9.8,,0,0,,,,,AN,,SolarAnywhere4_0,04/11/2025 12:00,0,O,O,0.09,,
04/11/2025 21:00,0,0,19,6,144,,,10.7,,0,0,,,,,AN,,SolarAnywhere4_0,04/11/2025 13:00,0,O,O,0.09,,
04/11/2025 22:00,0,0,19,6,150,,,11.6,,0,0,,,,,AN,,SolarAnywhere4_0,04/11/2025 14:00,0,O,O,0.09,,
04/11/2025 23:00,0,0,19,7,151,,,12.4,,0.0028,0,,,,,AN,,SolarAnywhere4_0,04/11/2025 15:00,0,O,O,0.09,,
04/12/2025 00:00,0,0,20,7,151,,,12.9,,0.0932,0,,,,,AN,,SolarAnywhere4_0,04/11/2025 16:00,0,O,O,0.09,,
04/12/2025 01:00,0,0,20,6,157,,,12.7,,0.7224,0,,,,,AN,,SolarAnywhere4_0,04/11/2025 17:00,0,O,O,0.09,,
04/12/2025 02:00,0,0,18,6,155,,,12.5,,2.0102,0,,,,,AN,,SolarAnywhere4_0,04/11/2025 18:00,0,O,O,0.09,,
04/12/2025 03:00,0,0,18,6,145,,,11.8,,3.142,0,,,,,AN,,SolarAnywhere4_0,04/11/2025 19:00,0,O,O,0.09,,
04/12/2025 04:00,0,0,18,6,136,,,11.3,,5.0245,0,,,,,AN,,SolarAnywhere4_0,04/11/2025 20:00,0,O,O,0.09,,
04/12/2025 05:00,0,0,18,7,133,,,11.9,,4.9119,0,,,,,AN,,SolarAnywhere4_0,04/11/2025 21:00,0,O,O,0.09,,
04/12/2025 06:00,1,0,18,6,132,,,12,,1.9944,0,,,,,AD,,SolarAnywhere4_0,04/11/2025 22:00,1,O,O,0.09,,
04/12/2025 07:00,17,0,18,4,113,,,11,,1.4998,0,,,,,AD,,SolarAnywhere4_0,04/11/2025 23:00,17,O,O,0.09,,
04/12/2025 08:00,49,0,18,3,118,,,8.7,,1.7227,0,,,,,AD,,SolarAnywhere4_0,04/12/2025 00:00,49,O,O,0.09,,
04/12/2025 09:00,82,0,18,3,178,,,7.6,,1.454,0,,,,,AD,,SolarAnywhere4_0,04/12/2025 01:00,82,O,O,0.09,,
04/12/2025 10:00,110,0,18,5,271,,,8.7,,0.5594,0,,,,,AD,,SolarAnywhere4_0,04/12/2025 02:00,110,O,O,0.09,,
04/12/2025 11:00,130,0,18,6,289,,,11.2,,0.1747,0,,,,,AD,,SolarAnywhere4_0,04/12/2025 03:00,130,O,O,0.09,,
04/12/2025 12:00,271,28,19,7,296,,,15.4,,0.0802,0,,,,,AD,,SolarAnywhere4_0,04/12/2025 04:00,245,O,O,0.09,,
04/12/2025 13:00,143,0,19,9,314,,,18.9,,0.0104,0,,,,,AD,,SolarAnywhere4_0,04/12/2025 05:00,143,O,O,0.09,,
04/12/2025 14:00,132,0,16,11,331,,,20.2,,0,0,,,,,AD,,SolarAnywhere4_0,04/12/2025 06:00,132,O,O,0.09,,
04/12/2025 15:00,113,0,15,10,329,,,19.9,,0,0,,,,,AD,,SolarAnywhere4_0,04/12/2025 07:00,113,O,O,0.09,,
04/12/2025 16:00,160,4,14,9,321,,,18.4,,0,0,,,,,AD,,SolarAnywhere4_0,04/12/2025 08:00,158,O,O,0.09,,
04/12/2025 17:00,117,46,14,8,313,,,15.7,,0,0,,,,,AD,,SolarAnywhere4_0,04/12/2025 09:00,99,O,O,0.09,,
04/12/2025 18:00,60,48,14,8,307,,,14.5,,0,0,,,,,AD,,SolarAnywhere4_0,04/12/2025 10:00,52,O,O,0.09,,
04/12/2025 19:00,6,6,14,9,298,,,15.2,,0,0,,,,,AD,,SolarAnywhere4_0,04/12/2025 11:00,6,O,O,0.09,,
04/12/2025 20:00,0,0,12,9,302,,,15.5,,0,0,,,,,AN,,SolarAnywhere4_0,04/12/2025 12:00,0,O,O,0.09,,
04/12/2025 21:00,0,0,12,8,306,,,14.8,,0,0,,,,,AN,,SolarAnywhere4_0,04/12/2025 13:00,0,O,O,0.09,,
04/12/2025 22:00,0,0,12,8,303,,,13.7,,0,0,,,,,AN,,SolarAnywhere4_0,04/12/2025 14:00,0,O,O,0.09,,
04/12/2025 23:00,0,0,11,8,300,,,13.1,,0,0,,,,,AN,,SolarAnywhere4_0,04/12/2025 15:00,0,O,O,0.09,,
04/13/2025 00:00,0,0,11,7,297,,,12.6,,0,0,,,,,AN,,SolarAnywhere4_0,04/12/2025 16:00,0,O,O,0.09,,
04/13/2025 01:00,0,0,10,6,291,,,11.8,,0,0,,,,,AN,,SolarAnywhere4_0,04/12/2025 17:00,0,O,O,0.09,,
04/13/2025 02:00,0,0,10,6,289,,,11,,0,0,,,,,AN,,SolarAnywhere4_0,04/12/2025 18:00,0,O,O,0.09,,
04/13/2025 03:00,0,0,9,6,287,,,10.5,,0,0,,,,,AN,,SolarAnywhere4_0,04/12/2025 19:00,0,O,O,0.09,,
04/13/2025 04:00,0,0,9,5,279,,,9.6,,0,0,,,,,AN,,SolarAnywhere4_0,04/12/2025 20:00,0,O,O,0.09,,
04/13/2025 05:00,0,0,9,5,268,,,8.5,,0,0,,,,,AN,,SolarAnywhere4_0,04/12/2025 21:00,0,O,O,0.09,,
04/13/2025 06:00,15,42,9,5,257,,,8.2,,0,0,,,,,AD,,SolarAnywhere4_0,04/12/2025 22:00,15,O,O,0.09,,
04/13/2025 07:00,172,396,10,5,247,,,9.1,,0,0,,,,,AD,,SolarAnywhere4_0,04/12/2025 23:00,88,O,O,0.09,,
04/13/2025 08:00,409,677,11,5,255,,,11,,0,0,,,,,AD,,SolarAnywhere4_0,04/13/2025 00:00,123,O,O,0.09,,
04/13/2025 09:00,632,796,12,7,262,,,12.9,,0,0,,,,,AD,,SolarAnywhere4_0,04/13/2025 01:00,145,O,O,0.09,,
04/13/2025 10:00,821,864,13,7,269,,,14.3,,0,0,,,,,AD,,SolarAnywhere4_0,04/13/2025 02:00,161,O,O,0.09,,
04/13/2025 11:00,953,898,16,7,276,,,15,,0,0,,,,,AD,,SolarAnywhere4_0,04/13/2025 03:00,172,O,O,0.09,,
04/13/2025 12:00,1018,907,16,8,275,,,15.1,,0,0,,,,,AD,,SolarAnywhere4_0,04/13/2025 04:00,182,O,O,0.09,,
04/13/2025 13:00,1004,881,16,8,274,,,15,,0,0,,,,,AD,,SolarAnywhere4_0,04/13/2025 05:00,197,O,O,0.09,,
04/13/2025 14:00,918,838,18,8,269,,,15.1,,0,0,,,,,AD,,SolarAnywhere4_0,04/13/2025 06:00,202,O,O,0.09,,
04/13/2025 15:00,768,777,18,8,262,,,15.3,,0,0,,,,,AD,,SolarAnywhere4_0,04/13/2025 07:00,193,O,O,0.09,,
04/13/2025 16:00,575,709,19,8,258,,,15.3,,0,0,,,,,AD,,SolarAnywhere4_0,04/13/2025 08:00,164,O,O,0.09,,
04/13/2025 17:00,352,571,19,8,256,,,14.9,,0,0,,,,,AD,,SolarAnywhere4_0,04/13/2025 09:00,131,O,O,0.09,,
04/13/2025 18:00,127,268,19,6,247,,,13.1,,0,0,,,,,AD,,SolarAnywhere4_0,04/13/2025 10:00,81,O,O,0.09,,
04/13/2025 19:00,7,12,18,4,235,,,10.6,,0,0,,,,,AD,,SolarAnywhere4_0,04/13/2025 11:00,7,O,O,0.09,,
04/13/2025 20:00,0,0,16,4,226,,,8.6,,0,0,,,,,AN,,SolarAnywhere4_0,04/13/2025 12:00,0,O,O,0.09,,
04/13/2025 21:00,0,0,16,4,216,,,7.9,,0,0,,,,,AN,,SolarAnywhere4_0,04/13/2025 13:00,0,O,O,0.09,,
04/13/2025 22:00,0,0,16,5,213,,,8.6,,0,0,,,,,AN,,SolarAnywhere4_0,04/13/2025 14:00,0,O,O,0.09,,
04/13/2025 23:00,0,0,16,6,216,,,10,,0,0,,,,,AN,,SolarAnywhere4_0,04/13/2025 15:00,0,O,O,0.09,,
04/14/2025 00:00,0,0,17,7,224,,,11.7,,0,0,,,,,AN,,SolarAnywhere4_0,04/13/2025 16:00,0,O,O,0.09,,
04/14/2025 01:00,0,0,17,7,229,,,12.4,,0,0,,,,,AN,,SolarAnywhere4_0,04/13/2025 17:00,0,O,O,0.09,,
04/14/2025 02:00,0,0,17,6,240,,,12.3,,0,0,,,,,AN,,SolarAnywhere4_0,04/13/2025 18:00,0,O,O,0.09,,
04/14/2025 03:00,0,0,16,6,256,,,10.9,,0,0,,,,,AN,,SolarAnywhere4_0,04/13/2025 19:00,0,O,O,0.09,,
04/14/2025 04:00,0,0,16,5,265,,,9.7,,0,0,,,,,AN,,SolarAnywhere4_0,04/13/2025 20:00,0,O,O,0.09,,
04/14/2025 05:00,0,0,16,6,265,,,9.6,,0,0,,,,,AN,,SolarAnywhere4_0,04/13/2025 21:00,0,O,O,0.09,,
04/14/2025 06:00,12,9,15,4,275,,,9.6,,0,0,,,,,AD,,SolarAnywhere4_0,04/13/2025 22:00,12,O,O,0.09,,
04/14/2025 07:00,133,135,17,3,283,,,9.1,,0,0,,,,,AD,,SolarAnywhere4_0,04/13/2025 23:00,104,O,O,0.09,,
04/14/2025 08:00,383,483,17,4,282,,,8.8,,0,0,,,,,AD,,SolarAnywhere4_0,04/14/2025 00:00,177,O,O,0.09,,
04/14/2025 09:00,624,751,18,4,277,,,9.6,,0,0,,,,,AD,,SolarAnywhere4_0,04/14/2025 01:00,162,O,O,0.09,,
04/14/2025 10:00,808,835,19,6,280,,,11.5,,0,0,,,,,AD,,SolarAnywhere4_0,04/14/2025 02:00,168,O,O,0.09,,
04/14/2025 11:00,936,854,21,7,284,,,13.3,,0,0,,,,,AD,,SolarAnywhere4_0,04/14/2025 03:00,191,O,O,0.09,,
04/14/2025 12:00,999,858,21,8,285,,,14.8,,0,0,,,,,AD,,SolarAnywhere4_0,04/14/2025 04:00,206,O,O,0.09,,
04/14/2025 13:00,993,864,21,9,288,,,15.8,,0,0,,,,,AD,,SolarAnywhere4_0,04/14/2025 05:00,199,O,O,0.09,,
04/14/2025 14:00,914,852,22,9,287,,,16.2,,0,0,,,,,AD,,SolarAnywhere4_0,04/14/2025 06:00,184,O,O,0.09,,
04/14/2025 15:00,771,818,22,9,285,,,16.3,,0,0,,,,,AD,,SolarAnywhere4_0,04/14/2025 07:00,164,O,O,0.09,,
04/14/2025 16:00,579,744,22,8,288,,,16.3,,0,0,,,,,AD,,SolarAnywhere4_0,04/14/2025 08:00,146,O,O,0.09,,
04/14/2025 17:00,356,598,21,8,294,,,15.6,,0,0,,,,,AD,,SolarAnywhere4_0,04/14/2025 09:00,123,O,O,0.09,,
04/14/2025 18:00,129,286,20,6,300,,,13.6,,0,0,,,,,AD,,SolarAnywhere4_0,04/14/2025 10:00,79,O,O,0.09,,
04/14/2025 19:00,8,21,18,4,309,,,10.6,,0,0,,,,,AD,,SolarAnywhere4_0,04/14/2025 11:00,8,O,O,0.09,,
04/14/2025 20:00,0,0,18,2,313,,,8.1,,0,0,,,,,AN,,SolarAnywhere4_0,04/14/2025 12:00,0,O,O,0.09,,
04/14/2025 21:00,0,0,17,2,332,,,6.6,,0,0,,,,,AN,,SolarAnywhere4_0,04/14/2025 13:00,0,O,O,0.09,,
04/14/2025 22:00,0,0,17,2,354,,,5.2,,0,0,,,,,AN,,SolarAnywhere4_0,04/14/2025 14:00,0,O,O,0.09,,
04/14/2025 23:00,0,0,15,1,4,,,3.9,,0,0,,,,,AN,,SolarAnywhere4_0,04/14/2025 15:00,0,O,O,0.09,,
04/15/2025 00:00,0,0,14,1,249,,,3.3,,0,0,,,,,AN,,SolarAnywhere4_0,04/14/2025 16:00,0,O,O,0.09,,
04/15/2025 01:00,0,0,14,2,234,,,3.7,,0,0,,,,,AN,,SolarAnywhere4_0,04/14/2025 17:00,0,O,O,0.09,,
04/15/2025 02:00,0,0,13,2,246,,,4.8,,0,0,,,,,AN,,SolarAnywhere4_0,04/14/2025 18:00,0,O,O,0.09,,
04/15/2025 03:00,0,0,13,3,262,,,5.6,,0,0,,,,,AN,,SolarAnywhere4_0,04/14/2025 19:00,0,O,O,0.09,,
04/15/2025 04:00,0,0,12,3,269,,,6,,0,0,,,,,AN,,SolarAnywhere4_0,04/14/2025 20:00,0,O,O,0.09,,
04/15/2025 05:00,0,0,12,3,272,,,6.2,,0,0,,,,,AN,,SolarAnywhere4_0,04/14/2025 21:00,0,O,O,0.09,,
04/15/2025 06:00,17,41,13,4,271,,,6.4,,0,0,,,,,AD,,SolarAnywhere4_0,04/14/2025 22:00,17,O,O,0.09,,
04/15/2025 07:00,176,378,15,4,267,,,6.8,,0,0,,,,,AD,,SolarAnywhere4_0,04/14/2025 23:00,93,O,O,0.09,,
04/15/2025 08:00,410,651,16,4,267,,,7.4,,0,0,,,,,AD,,SolarAnywhere4_0,04/15/2025 00:00,130,O,O,0.09,,
04/15/2025 09:00,632,790,17,4,269,,,8.2,,0,0,,,,,AD,,SolarAnywhere4_0,04/15/2025 01:00,144,O,O,0.09,,
04/15/2025 10:00,818,853,19,4,269,,,9.5,,0,0,,,,,AD,,SolarAnywhere4_0,04/15/2025 02:00,161,O,O,0.09,,
04/15/2025 11:00,949,885,21,5,269,,,10.3,,0,0,,,,,AD,,SolarAnywhere4_0,04/15/2025 03:00,175,O,O,0.09,,
04/15/2025 12:00,1011,890,22,4,270,,,10.2,,0,0,,,,,AD,,SolarAnywhere4_0,04/15/2025 04:00,187,O,O,0.09,,
04/15/2025 13:00,995,858,22,4,272,,,9.8,,0,0,,,,,AD,,SolarAnywhere4_0,04/15/2025 05:00,205,O,O,0.09,,
04/15/2025 14:00,910,809,24,4,275,,,9.2,,0,0,,,,,AD,,SolarAnywhere4_0,04/15/2025 06:00,216,O,O,0.09,,
04/15/2025 15:00,757,709,24,4,281,,,8.1,,0,0,,,,,AD,,SolarAnywhere4_0,04/15/2025 07:00,230,O,O,0.09,,
04/15/2025 16:00,562,605,24,2,272,,,6.8,,0,0,,,,,AD,,SolarAnywhere4_0,04/15/2025 08:00,208,O,O,0.09,,
04/15/2025 17:00,333,388,24,2,254,,,5.8,,0,0,,,,,AD,,SolarAnywhere4_0,04/15/2025 09:00,181,O,O,0.09,,
04/15/2025 18:00,112,130,23,2,221,,,4.3,,0,0,,,,,AD,,SolarAnywhere4_0,04/15/2025 10:00,89,O,O,0.09,,
04/15/2025 19:00,7,3,18,2,202,,,3.4,,0,0,,,,,AD,,SolarAnywhere4_0,04/15/2025 11:00,7,O,O,0.09,,
04/15/2025 20:00,0,0,18,2,195,,,3.7,,0,0,,,,,AN,,SolarAnywhere4_0,04/15/2025 12:00,0,O,O,0.09,,
04/15/2025 21:00,0,0,17,3,189,,,4.3,,0,0,,,,,AN,,SolarAnywhere4_0,04/15/2025 13:00,0,O,O,0.09,,
04/15/2025 22:00,0,0,16,3,180,,,5.2,,0,0,,,,,AN,,SolarAnywhere4_0,04/15/2025 14:00,0,O,O,0.09,,
04/15/2025 23:00,0,0,16,4,177,,,6.4,,0,0,,,,,AN,,SolarAnywhere4_0,04/15/2025 15:00,0,O,O,0.09,,
04/16/2025 00:00,0,0,16,4,176,,,7.3,,0,0,,,,,AN,,SolarAnywhere4_0,04/15/2025 16:00,0,O,O,0.09,,
04/16/2025 01:00,0,0,16,4,174,,,7.5,,0,0,,,,,AN,,SolarAnywhere4_0,04/15/2025 17:00,0,O,O,0.09,,
04/16/2025 02:00,0,0,15,4,168,,,7.5,,0,0,,,,,AN,,SolarAnywhere4_0,04/15/2025 18:00,0,O,O,0.09,,
04/16/2025 03:00,0,0,15,4,170,,,7.4,,0,0,,,,,AN,,SolarAnywhere4_0,04/15/2025 19:00,0,O,O,0.09,,
04/16/2025 04:00,0,0,15,4,174,,,7.4,,0,0,,,,,AN,,SolarAnywhere4_0,04/15/2025 20:00,0,O,O,0.09,,
04/16/2025 05:00,0,0,15,4,173,,,7.3,,0,0,,,,,AN,,SolarAnywhere4_0,04/15/2025 21:00,0,O,O,0.09,,
04/16/2025 06:00,16,29,15,4,171,,,7.4,,0,0,,,,,AD,,SolarAnywhere4_0,04/15/2025 22:00,16,O,O,0.09,,
04/16/2025 07:00,166,279,17,4,170,,,7.7,,0,0,,,,,AD,,SolarAnywhere4_0,04/15/2025 23:00,104,O,O,0.09,,
04/16/2025 08:00,370,453,18,5,170,,,8.4,,0,0,,,,,AD,,SolarAnywhere4_0,04/16/2025 00:00,173,O,O,0.09,,
04/16/2025 09:00,606,649,19,5,176,,,9.1,,0,0,,,,,AD,,SolarAnywhere4_0,04/16/2025 01:00,203,O,O,0.09,,
04/16/2025 10:00,785,744,21,5,183,,,9.7,,0,0,,,,,AD,,SolarAnywhere4_0,04/16/2025 02:00,210,O,O,0.09,,
04/16/2025 11:00,907,769,24,5,187,,,10.3,,0,0,,,,,AD,,SolarAnywhere4_0,04/16/2025 03:00,232,O,O,0.09,,
04/16/2025 12:00,934,678,25,5,187,,,10.8,,0,0,,,,,AD,,SolarAnywhere4_0,04/16/2025 04:00,304,O,O,0.09,,
04/16/2025 13:00,749,380,25,6,187,,,11.3,,0,0,,,,,AD,,SolarAnywhere4_0,04/16/2025 05:00,398,O,O,0.09,,
04/16/2025 14:00,753,447,26,6,188,,,11.5,,0,0,,,,,AD,,SolarAnywhere4_0,04/16/2025 06:00,368,O,O,0.09,,
04/16/2025 15:00,634,459,26,5,187,,,10.9,,0,0,,,,,AD,,SolarAnywhere4_0,04/16/2025 07:00,292,O,O,0.09,,
04/16/2025 16:00,442,304,26,4,182,,,10,,0,0,,,,,AD,,SolarAnywhere4_0,04/16/2025 08:00,264,O,O,0.09,,
04/16/2025 17:00,141,10,24,4,174,,,9,,0,0,,,,,AD,,SolarAnywhere4_0,04/16/2025 09:00,137,O,O,0.09,,
04/16/2025 18:00,51,0,23,4,167,,,8.2,,0,0,,,,,AD,,SolarAnywhere4_0,04/16/2025 10:00,51,O,O,0.09,,
04/16/2025 19:00,5,0,22,5,166,,,8.1,,0,0,,,,,AD,,SolarAnywhere4_0,04/16/2025 11:00,5,O,O,0.09,,
04/16/2025 20:00,0,0,21,5,172,,,8.3,,0,0,,,,,AN,,SolarAnywhere4_0,04/16/2025 12:00,0,O,O,0.09,,
04/16/2025 21:00,0,0,22,5,182,,,8.2,,0,0,,,,,AN,,SolarAnywhere4_0,04/16/2025 13:00,0,O,O,0.09,,
04/16/2025 22:00,0,0,21,5,191,,,8,,0,0,,,,,AN,,SolarAnywhere4_0,04/16/2025 14:00,0,O,O,0.09,,
04/16/2025 23:00,0,0,20,5,198,,,7.8,,0,0,,,,,AN,,SolarAnywhere4_0,04/16/2025 15:00,0,O,O,0.09,,
04/17/2025 00:00,0,0,20,4,204,,,7.4,,0,0,,,,,AN,,SolarAnywhere4_0,04/16/2025 16:00,0,O,O,0.09,,
04/17/2025 01:00,0,0,20,4,213,,,7,,0,0,,,,,AN,,SolarAnywhere4_0,04/16/2025 17:00,0,O,O,0.09,,
04/17/2025 02:00,0,0,19,4,218,,,6.6,,0,0,,,,,AN,,SolarAnywhere4_0,04/16/2025 18:00,0,O,O,0.09,,
04/17/2025 03:00,0,0,19,4,219,,,6.9,,0,0,,,,,AN,,SolarAnywhere4_0,04/16/2025 19:00,0,O,O,0.09,,
04/17/2025 04:00,0,0,18,4,221,,,7.1,,0,0,,,,,AN,,SolarAnywhere4_0,04/16/2025 20:00,0,O,O,0.09,,
04/17/2025 05:00,0,0,18,4,220,,,6.9,,0,0,,,,,AN,,SolarAnywhere4_0,04/16/2025 21:00,0,O,O,0.09,,
04/17/2025 06:00,7,0,19,4,219,,,6.3,,0,0,,,,,AD,,SolarAnywhere4_0,04/16/2025 22:00,7,O,O,0.09,,
04/17/2025 07:00,105,41,21,3,215,,,5.8,,0,0,,,,,AD,,SolarAnywhere4_0,04/16/2025 23:00,96,O,O,0.09,,
04/17/2025 08:00,278,143,21,3,199,,,6,,0,0,,,,,AD,,SolarAnywhere4_0,04/17/2025 00:00,215,O,O,0.09,,
04/17/2025 09:00,463,266,22,3,194,,,6.6,,0,0,,,,,AD,,SolarAnywhere4_0,04/17/2025 01:00,297,O,O,0.09,,
04/17/2025 10:00,591,302,23,3,197,,,7,,0,0,,,,,AD,,SolarAnywhere4_0,04/17/2025 02:00,357,O,O,0.09,,
04/17/2025 11:00,559,200,26,3,192,,,7.6,,0,0,,,,,AD,,SolarAnywhere4_0,04/17/2025 03:00,383,O,O,0.09,,
04/17/2025 12:00,474,102,26,4,191,,,8.6,,0,0,,,,,AD,,SolarAnywhere4_0,04/17/2025 04:00,379,O,O,0.09,,
04/17/2025 13:00,362,29,27,4,193,,,9.6,,0,0,,,,,AD,,SolarAnywhere4_0,04/17/2025 05:00,335,O,O,0.09,,
04/17/2025 14:00,336,20,27,4,194,,,10.4,,0,0,,,,,AD,,SolarAnywhere4_0,04/17/2025 06:00,319,O,O,0.09,,
04/17/2025 15:00,144,1,27,4,193,,,9.7,,0,0,,,,,AD,,SolarAnywhere4_0,04/17/2025 07:00,143,O,O,0.09,,
04/17/2025 16:00,141,0,26,5,202,,,9.5,,0,0,,,,,AD,,SolarAnywhere4_0,04/17/2025 08:00,141,O,O,0.09,,
04/17/2025 17:00,68,0,26,7,213,,,12,,0,0,,,,,AD,,SolarAnywhere4_0,04/17/2025 09:00,68,O,O,0.09,,
04/17/2025 18:00,19,0,24,7,215,,,13.4,,0,0,,,,,AD,,SolarAnywhere4_0,04/17/2025 10:00,19,O,O,0.09,,
04/17/2025 19:00,1,0,22,6,212,,,12.1,,0,0,,,,,AD,,SolarAnywhere4_0,04/17/2025 11:00,1,O,O,0.09,,
04/17/2025 20:00,0,0,22,5,202,,,9.8,,0,0,,,,,AN,,SolarAnywhere4_0,04/17/2025 12:00,0,O,O,0.09,,
04/17/2025 21:00,0,0,21,5,200,,,8.2,,0,0,,,,,AN,,SolarAnywhere4_0,04/17/2025 13:00,0,O,O,0.09,,
04/17/2025 22:00,0,0,20,5,200,,,7.5,,0,0,,,,,AN,,SolarAnywhere4_0,04/17/2025 14:00,0,O,O,0.09,,
04/17/2025 23:00,0,0,20,4,194,,,7.1,,0,0,,,,,AN,,SolarAnywhere4_0,04/17/2025 15:00,0,O,O,0.09,,
04/18/2025 00:00,0,0,20,4,196,,,6.6,,0,0,,,,,AN,,SolarAnywhere4_0,04/17/2025 16:00,0,O,O,0.09,,
04/18/2025 01:00,0,0,18,4,201,,,5.8,,0,0,,,,,AN,,SolarAnywhere4_0,04/17/2025 17:00,0,O,O,0.09,,
04/18/2025 02:00,0,0,18,3,205,,,5,,0,0,,,,,AN,,SolarAnywhere4_0,04/17/2025 18:00,0,O,O,0.09,,
04/18/2025 03:00,0,0,18,2,202,,,4.4,,0,0,,,,,AN,,SolarAnywhere4_0,04/17/2025 19:00,0,O,O,0.09,,
04/18/2025 04:00,0,0,16,2,202,,,4,,0,0,,,,,AN,,SolarAnywhere4_0,04/17/2025 20:00,0,O,O,0.09,,
04/18/2025 05:00,0,0,16,2,199,,,3.6,,0,0,,,,,AN,,SolarAnywhere4_0,04/17/2025 21:00,0,O,O,0.09,,
04/18/2025 06:00,11,1,17,2,184,,,3.7,,0,0,,,,,AD,,SolarAnywhere4_0,04/17/2025 22:00,11,O,O,0.09,,
04/18/2025 07:00,129,89,19,2,171,,,4,,0,0,,,,,AD,,SolarAnywhere4_0,04/17/2025 23:00,108,O,O,0.09,,
04/18/2025 08:00,339,312,20,2,177,,,4.1,,0,0,,,,,AD,,SolarAnywhere4_0,04/18/2025 00:00,201,O,O,0.09,,
04/18/2025 09:00,550,504,21,1,190,,,4.5,,0,0,,,,,AD,,SolarAnywhere4_0,04/18/2025 01:00,234,O,O,0.09,,
04/18/2025 10:00,724,576,23,1,179,,,5.3,,0,0,,,,,AD,,SolarAnywhere4_0,04/18/2025 02:00,276,O,O,0.09,,
04/18/2025 11:00,851,614,26,2,155,,,5.7,,0,0,,,,,AD,,SolarAnywhere4_0,04/18/2025 03:00,309,O,O,0.09,,
04/18/2025 12:00,912,637,26,3,148,,,6.1,,0,0,,,,,AD,,SolarAnywhere4_0,04/18/2025 04:00,318,O,O,0.09,,
04/18/2025 13:00,918,678,26,3,146,,,7.1,,0,0,,,,,AD,,SolarAnywhere4_0,04/18/2025 05:00,290,O,O,0.09,,
04/18/2025 14:00,845,675,26,4,146,,,8.4,,0,0,,,,,AD,,SolarAnywhere4_0,04/18/2025 06:00,262,O,O,0.09,,
04/18/2025 15:00,704,611,26,4,142,,,9,,0,0,,,,,AD,,SolarAnywhere4_0,04/18/2025 07:00,246,O,O,0.09,,
04/18/2025 16:00,525,539,24,4,138,,,9,,0,0,,,,,AD,,SolarAnywhere4_0,04/18/2025 08:00,207,O,O,0.09,,
04/18/2025 17:00,311,366,24,4,134,,,8.9,,0,0,,,,,AD,,SolarAnywhere4_0,04/18/2025 09:00,166,O,O,0.09,,
04/18/2025 18:00,105,110,22,4,135,,,8.7,,0,0,,,,,AD,,SolarAnywhere4_0,04/18/2025 10:00,85,O,O,0.09,,
04/18/2025 19:00,6,0,20,4,135,,,8.8,,0,0,,,,,AD,,SolarAnywhere4_0,04/18/2025 11:00,6,O,O,0.09,,
04/18/2025 20:00,0,0,20,5,138,,,9.4,,0,0,,,,,AN,,SolarAnywhere4_0,04/18/2025 12:00,0,O,O,0.09,,
04/18/2025 21:00,0,0,20,6,141,,,10,,0,0,,,,,AN,,SolarAnywhere4_0,04/18/2025 13:00,0,O,O,0.09,,
04/18/2025 22:00,0,0,20,6,147,,,10.7,,0,0,,,,,AN,,SolarAnywhere4_0,04/18/2025 14:00,0,O,O,0.09,,
04/18/2025 23:00,0,0,20,6,152,,,11,,0,0,,,,,AN,,SolarAnywhere4_0,04/18/2025 15:00,0,O,O,0.09,,
04/19/2025 00:00,0,0,20,7,156,,,11.1,,0,0,,,,,AN,,SolarAnywhere4_0,04/18/2025 16:00,0,O,O,0.09,,
04/19/2025 01:00,0,0,20,7,158,,,11.1,,0,0,,,,,AN,,SolarAnywhere4_0,04/18/2025 17:00,0,O,O,0.09,,
04/19/2025 02:00,0,0,20,6,163,,,10.9,,0,0,,,,,AN,,SolarAnywhere4_0,04/18/2025 18:00,0,O,O,0.09,,
04/19/2025 03:00,0,0,20,6,167,,,10.5,,0,0,,,,,AN,,SolarAnywhere4_0,04/18/2025 19:00,0,O,O,0.09,,
04/19/2025 04:00,0,0,20,5,165,,,9.6,,0,0,,,,,AN,,SolarAnywhere4_0,04/18/2025 20:00,0,O,O,0.09,,
04/19/2025 05:00,0,0,19,5,166,,,8.8,,0,0,,,,,AN,,SolarAnywhere4_0,04/18/2025 21:00,0,O,O,0.09,,
04/19/2025 06:00,6,0,19,4,166,,,8.4,,0,0,,,,,AD,,SolarAnywhere4_0,04/18/2025 22:00,6,O,O,0.09,,
04/19/2025 07:00,76,11,20,4,164,,,8.3,,0,0,,,,,AD,,SolarAnywhere4_0,04/18/2025 23:00,73,O,O,0.09,,
04/19/2025 08:00,230,67,21,4,163,,,8.4,,0,0,,,,,AD,,SolarAnywhere4_0,04/19/2025 00:00,200,O,O,0.09,,
04/19/2025 09:00,370,116,22,5,173,,,9.1,,0.0088,0,,,,,AD,,SolarAnywhere4_0,04/19/2025 01:00,297,O,O,0.09,,
04/19/2025 10:00,417,99,23,4,182,,,9.9,,0.0725,0,,,,,AD,,SolarAnywhere4_0,04/19/2025 02:00,340,O,O,0.09,,
04/19/2025 11:00,617,250,26,4,186,,,9.9,,0.1272,0,,,,,AD,,SolarAnywhere4_0,04/19/2025 03:00,396,O,O,0.09,,
04/19/2025 12:00,539,165,26,4,182,,,9.4,,0.0197,0,,,,,AD,,SolarAnywhere4_0,04/19/2025 04:00,385,O,O,0.09,,
04/19/2025 13:00,349,43,27,4,183,,,8.4,,0,0,,,,,AD,,SolarAnywhere4_0,04/19/2025 05:00,309,O,O,0.09,,
04/19/2025 14:00,243,3,27,4,185,,,7.4,,0,0,,,,,AD,,SolarAnywhere4_0,04/19/2025 06:00,240,O,O,0.09,,
04/19/2025 15:00,193,1,28,2,187,,,6.7,,0,0,,,,,AD,,SolarAnywhere4_0,04/19/2025 07:00,192,O,O,0.09,,
04/19/2025 16:00,119,0,26,2,186,,,5.5,,0.1499,0,,,,,AD,,SolarAnywhere4_0,04/19/2025 08:00,119,O,O,0.09,,
04/19/2025 17:00,68,0,26,1,217,,,5.2,,0.9423,0,,,,,AD,,SolarAnywhere4_0,04/19/2025 09:00,68,O,O,0.09,,
04/19/2025 18:00,14,0,25,1,343,,,5.7,,0.4061,0,,,,,AD,,SolarAnywhere4_0,04/19/2025 10:00,14,O,O,0.09,,
04/19/2025 19:00,1,0,22,3,346,,,6.7,,0.0427,0,,,,,AD,,SolarAnywhere4_0,04/19/2025 11:00,1,O,O,0.09,,
04/19/2025 20:00,0,0,20,5,3,,,8,,0,0,,,,,AN,,SolarAnywhere4_0,04/19/2025 12:00,0,O,O,0.09,,
04/19/2025 21:00,0,0,20,5,8,,,8.3,,0,0,,,,,AN,,SolarAnywhere4_0,04/19/2025 13:00,0,O,O,0.09,,
04/19/2025 22:00,0,0,18,5,10,,,8.3,,0,0,,,,,AN,,SolarAnywhere4_0,04/19/2025 14:00,0,O,O,0.09,,
04/19/2025 23:00,0,0,18,6,10,,,8.8,,0,0,,,,,AN,,SolarAnywhere4_0,04/19/2025 15:00,0,O,O,0.09,,
04/20/2025 00:00,0,0,17,6,6,,,9.1,,0,0,,,,,AN,,SolarAnywhere4_0,04/19/2025 16:00,0,O,O,0.09,,
04/20/2025 01:00,0,0,16,4,7,,,9.1,,0,0,,,,,AN,,SolarAnywhere4_0,04/19/2025 17:00,0,O,O,0.09,,
04/20/2025 02:00,0,0,16,4,3,,,8.8,,0,0,,,,,AN,,SolarAnywhere4_0,04/19/2025 18:00,0,O,O,0.09,,
04/20/2025 03:00,0,0,16,4,353,,,8.3,,0,0,,,,,AN,,SolarAnywhere4_0,04/19/2025 19:00,0,O,O,0.09,,
04/20/2025 04:00,0,0,16,4,346,,,8.3,,0,0,,,,,AN,,SolarAnywhere4_0,04/19/2025 20:00,0,O,O,0.09,,
04/20/2025 05:00,0,0,16,4,344,,,8.4,,0,0,,,,,AN,,SolarAnywhere4_0,04/19/2025 21:00,0,O,O,0.09,,
04/20/2025 06:00,11,0,16,4,346,,,8,,0,0,,,,,AD,,SolarAnywhere4_0,04/19/2025 22:00,11,O,O,0.09,,
04/20/2025 07:00,118,51,17,4,348,,,7.9,,0,0,,,,,AD,,SolarAnywhere4_0,04/19/2025 23:00,106,O,O,0.09,,
04/20/2025 08:00,282,156,17,4,352,,,8.5,,0,0,,,,,AD,,SolarAnywhere4_0,04/20/2025 00:00,212,O,O,0.09,,
04/20/2025 09:00,277,47,17,4,358,,,9.2,,0,0,,,,,AD,,SolarAnywhere4_0,04/20/2025 01:00,247,O,O,0.09,,
04/20/2025 10:00,602,362,17,5,9,,,10.2,,0,0,,,,,AD,,SolarAnywhere4_0,04/20/2025 02:00,318,O,O,0.09,,
04/20/2025 11:00,827,512,20,5,16,,,10.7,,0,0,,,,,AD,,SolarAnywhere4_0,04/20/2025 03:00,373,O,O,0.09,,
04/20/2025 12:00,917,609,20,5,22,,,10.6,,0,0,,,,,AD,,SolarAnywhere4_0,04/20/2025 04:00,346,O,O,0.09,,
04/20/2025 13:00,917,634,21,5,27,,,10.1,,0,0,,,,,AD,,SolarAnywhere4_0,04/20/2025 05:00,327,O,O,0.09,,
04/20/2025 14:00,857,655,22,5,29,,,9.7,,0,0,,,,,AD,,SolarAnywhere4_0,04/20/2025 06:00,289,O,O,0.09,,
04/20/2025 15:00,718,602,22,5,29,,,9.8,,0,0,,,,,AD,,SolarAnywhere4_0,04/20/2025 07:00,265,O,O,0.09,,
04/20/2025 16:00,548,546,20,5,30,,,9.9,,0,0,,,,,AD,,SolarAnywhere4_0,04/20/2025 08:00,224,O,O,0.09,,
04/20/2025 17:00,319,326,20,4,35,,,9.5,,0,0,,,,,AD,,SolarAnywhere4_0,04/20/2025 09:00,188,O,O,0.09,,
04/20/2025 18:00,81,36,18,4,43,,,8.7,,0,0,,,,,AD,,SolarAnywhere4_0,04/20/2025 10:00,74,O,O,0.09,,
04/20/2025 19:00,3,0,16,3,53,,,7.2,,0,0,,,,,AD,,SolarAnywhere4_0,04/20/2025 11:00,3,O,O,0.09,,
04/20/2025 20:00,0,0,16,3,63,,,5.7,,0,0,,,,,AN,,SolarAnywhere4_0,04/20/2025 12:00,0,O,O,0.09,,
04/20/2025 21:00,0,0,16,3,68,,,4.8,,0,0,,,,,AN,,SolarAnywhere4_0,04/20/2025 13:00,0,O,O,0.09,,
04/20/2025 22:00,0,0,16,3,74,,,4.2,,0,0,,,,,AN,,SolarAnywhere4_0,04/20/2025 14:00,0,O,O,0.09,,
04/20/2025 23:00,0,0,15,3,78,,,4.3,,0,0,,,,,AN,,SolarAnywhere4_0,04/20/2025 15:00,0,O,O,0.09,,
04/21/2025 00:00,0,0,15,3,80,,,4.7,,0,0,,,,,AN,,SolarAnywhere4_0,04/20/2025 16:00,0,O,O,0.09,,
04/21/2025 01:00,0,0,15,3,86,,,4.7,,0,0,,,,,AN,,SolarAnywhere4_0,04/20/2025 17:00,0,O,O,0.09,,
04/21/2025 02:00,0,0,15,3,93,,,4.6,,0,0,,,,,AN,,SolarAnywhere4_0,04/20/2025 18:00,0,O,O,0.09,,
04/21/2025 03:00,0,0,15,3,99,,,5.1,,0,0,,,,,AN,,SolarAnywhere4_0,04/20/2025 19:00,0,O,O,0.09,,
04/21/2025 04:00,0,0,15,3,100,,,6.1,,0,0,,,,,AN,,SolarAnywhere4_0,04/20/2025 20:00,0,O,O,0.09,,
04/21/2025 05:00,0,0,16,4,100,,,7.1,,0,0,,,,,AN,,SolarAnywhere4_0,04/20/2025 21:00,0,O,O,0.09,,
04/21/2025 06:00,5,0,16,4,108,,,8.1,,0,0,,,,,AD,,SolarAnywhere4_0,04/20/2025 22:00,5,O,O,0.09,,
04/21/2025 07:00,86,16,17,4,118,,,9.1,,0,0,,,,,AD,,SolarAnywhere4_0,04/20/2025 23:00,82,O,O,0.09,,
04/21/2025 08:00,293,182,17,5,127,,,9.8,,0,0,,,,,AD,,SolarAnywhere4_0,04/21/2025 00:00,211,O,O,0.09,,
04/21/2025 09:00,348,125,17,5,133,,,10.6,,0,0,,,,,AD,,SolarAnywhere4_0,04/21/2025 01:00,268,O,O,0.09,,
04/21/2025 10:00,463,163,19,6,140,,,11.6,,0,0,,,,,AD,,SolarAnywhere4_0,04/21/2025 02:00,335,O,O,0.09,,
04/21/2025 11:00,702,389,21,6,142,,,12.4,,0.0082,0,,,,,AD,,SolarAnywhere4_0,04/21/2025 03:00,356,O,O,0.09,,
04/21/2025 12:00,453,92,22,6,146,,,12.8,,0.0747,0,,,,,AD,,SolarAnywhere4_0,04/21/2025 04:00,367,O,O,0.09,,
04/21/2025 13:00,248,13,22,7,153,,,13.1,,0.2637,0,,,,,AD,,SolarAnywhere4_0,04/21/2025 05:00,236,O,O,0.09,,
04/21/2025 14:00,211,4,21,7,152,,,12.8,,0.6409,0,,,,,AD,,SolarAnywhere4_0,04/21/2025 06:00,208,O,O,0.09,,
04/21/2025 15:00,124,0,20,7,151,,,12.6,,0.2365,0,,,,,AD,,SolarAnywhere4_0,04/21/2025 07:00,124,O,O,0.09,,
04/21/2025 16:00,84,0,20,6,151,,,12.5,,1.1229,0,,,,,AD,,SolarAnywhere4_0,04/21/2025 08:00,84,O,O,0.09,,
04/21/2025 17:00,49,0,19,6,152,,,11.4,,2.3792,0,,,,,AD,,SolarAnywhere4_0,04/21/2025 09:00,49,O,O,0.09,,
04/21/2025 18:00,25,0,18,5,146,,,10.7,,2.7526,0,,,,,AD,,SolarAnywhere4_0,04/21/2025 10:00,25,O,O,0.09,,
04/21/2025 19:00,1,0,18,6,150,,,11.3,,3.4584,0,,,,,AD,,SolarAnywhere4_0,04/21/2025 11:00,1,O,O,0.09,,
04/21/2025 20:00,0,0,18,6,155,,,12,,2.7022,0,,,,,AN,,SolarAnywhere4_0,04/21/2025 12:00,0,O,O,0.09,,
04/21/2025 21:00,0,0,18,6,166,,,12.6,,1.2212,0,,,,,AN,,SolarAnywhere4_0,04/21/2025 13:00,0,O,O,0.09,,
04/21/2025 22:00,0,0,18,6,170,,,12.2,,0.6075,0,,,,,AN,,SolarAnywhere4_0,04/21/2025 14:00,0,O,O,0.09,,
04/21/2025 23:00,0,0,19,4,176,,,11.7,,1.187,0,,,,,AN,,SolarAnywhere4_0,04/21/2025 15:00,0,O,O,0.09,,
04/22/2025 00:00,0,0,19,4,190,,,11.6,,2.2047,0,,,,,AN,,SolarAnywhere4_0,04/21/2025 16:00,0,O,O,0.09,,
04/22/2025 01:00,0,0,19,4,202,,,11.1,,2.1003,0,,,,,AN,,SolarAnywhere4_0,04/21/2025 17:00,0,O,O,0.09,,
04/22/2025 02:00,0,0,19,4,221,,,9.7,,0.8257,0,,,,,AN,,SolarAnywhere4_0,04/21/2025 18:00,0,O,O,0.09,,
04/22/2025 03:00,0,0,20,3,248,,,7.7,,0.09,0,,,,,AN,,SolarAnywhere4_0,04/21/2025 19:00,0,O,O,0.09,,
04/22/2025 04:00,0,0,21,4,272,,,7,,0,0,,,,,AN,,SolarAnywhere4_0,04/21/2025 20:00,0,O,O,0.09,,
04/22/2025 05:00,0,0,21,4,283,,,7.4,,0,0,,,,,AN,,SolarAnywhere4_0,04/21/2025 21:00,0,O,O,0.09,,
04/22/2025 06:00,3,0,21,4,293,,,7.5,,0.0026,0,,,,,AD,,SolarAnywhere4_0,04/21/2025 22:00,3,O,O,0.09,,
04/22/2025 07:00,52,0,21,3,290,,,7.8,,0.0205,0,,,,,AD,,SolarAnywhere4_0,04/21/2025 23:00,52,O,O,0.09,,
04/22/2025 08:00,58,0,21,4,291,,,8.9,,0.0367,0,,,,,AD,,SolarAnywhere4_0,04/22/2025 00:00,58,O,O,0.09,,
04/22/2025 09:00,91,0,21,5,304,,,9.4,,0.0282,0,,,,,AD,,SolarAnywhere4_0,04/22/2025 01:00,91,O,O,0.09,,
04/22/2025 10:00,144,1,21,5,319,,,9.2,,0.0039,0,,,,,AD,,SolarAnywhere4_0,04/22/2025 02:00,143,O,O,0.09,,
04/22/2025 11:00,165,1,22,5,327,,,9,,0,0,,,,,AD,,SolarAnywhere4_0,04/22/2025 03:00,164,O,O,0.09,,
04/22/2025 12:00,261,13,22,5,325,,,9.3,,0,0,,,,,AD,,SolarAnywhere4_0,04/22/2025 04:00,249,O,O,0.09,,
04/22/2025 13:00,287,16,22,5,322,,,10.1,,0,0,,,,,AD,,SolarAnywhere4_0,04/22/2025 05:00,272,O,O,0.09,,
04/22/2025 14:00,169,1,20,6,330,,,10.8,,0,0,,,,,AD,,SolarAnywhere4_0,04/22/2025 06:00,168,O,O,0.09,,
04/22/2025 15:00,198,4,20,6,338,,,11.6,,0,0,,,,,AD,,SolarAnywhere4_0,04/22/2025 07:00,195,O,O,0.09,,
04/22/2025 16:00,102,0,20,7,341,,,12.5,,0,0,,,,,AD,,SolarAnywhere4_0,04/22/2025 08:00,102,O,O,0.09,,
04/22/2025 17:00,94,23,18,6,347,,,12.7,,0,0,,,,,AD,,SolarAnywhere4_0,04/22/2025 09:00,85,O,O,0.09,,
04/22/2025 18:00,94,65,18,6,351,,,11.9,,0,0,,,,,AD,,SolarAnywhere4_0,04/22/2025 10:00,82,O,O,0.09,,
04/22/2025 19:00,1,0,17,5,350,,,10.7,,0,0,,,,,AD,,SolarAnywhere4_0,04/22/2025 11:00,1,O,O,0.09,,
04/22/2025 20:00,0,0,17,5,347,,,9.8,,0,0,,,,,AN,,SolarAnywhere4_0,04/22/2025 12:00,0,O,O,0.09,,
04/22/2025 21:00,0,0,17,4,345,,,9.3,,0,0,,,,,AN,,SolarAnywhere4_0,04/22/2025 13:00,0,O,O,0.09,,
04/22/2025 22:00,0,0,16,4,342,,,8.7,,0,0,,,,,AN,,SolarAnywhere4_0,04/22/2025 14:00,0,O,O,0.09,,
04/22/2025 23:00,0,0,16,4,340,,,8,,0,0,,,,,AN,,SolarAnywhere4_0,04/22/2025 15:00,0,O,O,0.09,,
04/23/2025 00:00,0,0,16,3,334,,,6.9,,0,0,,,,,AN,,SolarAnywhere4_0,04/22/2025 16:00,0,O,O,0.09,,
04/23/2025 01:00,0,0,16,3,323,,,5.5,,0,0,,,,,AN,,SolarAnywhere4_0,04/22/2025 17:00,0,O,O,0.09,,
04/23/2025 02:00,0,0,15,3,319,,,4.1,,0,0,,,,,AN,,SolarAnywhere4_0,04/22/2025 18:00,0,O,O,0.09,,
04/23/2025 03:00,0,0,15,3,317,,,4.1,,0.0033,0,,,,,AN,,SolarAnywhere4_0,04/22/2025 19:00,0,O,O,0.09,,
04/23/2025 04:00,0,0,16,2,333,,,4.7,,0.0196,0,,,,,AN,,SolarAnywhere4_0,04/22/2025 20:00,0,O,O,0.09,,
04/23/2025 05:00,0,0,16,2,325,,,4.6,,0.0033,0,,,,,AN,,SolarAnywhere4_0,04/22/2025 21:00,0,O,O,0.09,,
04/23/2025 06:00,5,0,16,2,309,,,3.9,,0,0,,,,,AD,,SolarAnywhere4_0,04/22/2025 22:00,5,O,O,0.09,,
04/23/2025 07:00,48,0,17,2,291,,,3.8,,0,0,,,,,AD,,SolarAnywhere4_0,04/22/2025 23:00,48,O,O,0.09,,
04/23/2025 08:00,172,72,17,2,315,,,4.1,,0,0,,,,,AD,,SolarAnywhere4_0,04/23/2025 00:00,139,O,O,0.09,,
04/23/2025 09:00,492,277,18,2,311,,,4.3,,0,0,,,,,AD,,SolarAnywhere4_0,04/23/2025 01:00,314,O,O,0.09,,
04/23/2025 10:00,663,412,19,2,310,,,4.8,,0,0,,,,,AD,,SolarAnywhere4_0,04/23/2025 02:00,337,O,O,0.09,,
04/23/2025 11:00,772,419,21,2,315,,,5.9,,0,0,,,,,AD,,SolarAnywhere4_0,04/23/2025 03:00,397,O,O,0.09,,
04/23/2025 12:00,535,140,22,3,322,,,7.2,,0,0,,,,,AD,,SolarAnywhere4_0,04/23/2025 04:00,403,O,O,0.09,,
04/23/2025 13:00,724,293,23,3,325,,,8.1,,0,0,,,,,AD,,SolarAnywhere4_0,04/23/2025 05:00,450,O,O,0.09,,
04/23/2025 14:00,706,345,24,3,324,,,8.1,,0,0,,,,,AD,,SolarAnywhere4_0,04/23/2025 06:00,405,O,O,0.09,,
04/23/2025 15:00,521,186,24,3,318,,,7,,0,0,,,,,AD,,SolarAnywhere4_0,04/23/2025 07:00,380,O,O,0.09,,
04/23/2025 16:00,445,239,24,2,314,,,6.1,,0,0,,,,,AD,,SolarAnywhere4_0,04/23/2025 08:00,302,O,O,0.09,,
04/23/2025 17:00,240,103,24,2,309,,,5.5,,0,0,,,,,AD,,SolarAnywhere4_0,04/23/2025 09:00,198,O,O,0.09,,
04/23/2025 18:00,84,19,23,1,235,,,4.3,,0,0,,,,,AD,,SolarAnywhere4_0,04/23/2025 10:00,80,O,O,0.09,,
04/23/2025 19:00,7,0,20,1,180,,,3.7,,0,0,,,,,AD,,SolarAnywhere4_0,04/23/2025 11:00,7,O,O,0.09,,
04/23/2025 20:00,0,0,19,2,174,,,3.6,,0,0,,,,,AN,,SolarAnywhere4_0,04/23/2025 12:00,0,O,O,0.09,,
04/23/2025 21:00,0,0,18,2,175,,,3.4,,0,0,,,,,AN,,SolarAnywhere4_0,04/23/2025 13:00,0,O,O,0.09,,
04/23/2025 22:00,0,0,18,2,176,,,3.4,,0,0,,,,,AN,,SolarAnywhere4_0,04/23/2025 14:00,0,O,O,0.09,,
04/23/2025 23:00,0,0,18,2,179,,,3.5,,0,0,,,,,AN,,SolarAnywhere4_0,04/23/2025 15:00,0,O,O,0.09,,
04/24/2025 00:00,0,0,18,2,184,,,3.7,,0,0,,,,,AN,,SolarAnywhere4_0,04/23/2025 16:00,0,O,O,0.09,,
04/24/2025 01:00,0,0,17,2,203,,,4,,0,0,,,,,AN,,SolarAnywhere4_0,04/23/2025 17:00,0,O,O,0.09,,
04/24/2025 02:00,0,0,16,2,223,,,4.3,,0,0,,,,,AN,,SolarAnywhere4_0,04/23/2025 18:00,0,O,O,0.09,,
04/24/2025 03:00,0,0,16,2,234,,,4.4,,0,0,,,,,AN,,SolarAnywhere4_0,04/23/2025 19:00,0,O,O,0.09,,
04/24/2025 04:00,0,0,16,2,252,,,4.4,,0,0,,,,,AN,,SolarAnywhere4_0,04/23/2025 20:00,0,O,O,0.09,,
04/24/2025 05:00,0,0,16,2,259,,,4.4,,0,0,,,,,AN,,SolarAnywhere4_0,04/23/2025 21:00,0,O,O,0.09,,
04/24/2025 06:00,22,18,17,2,258,,,4.5,,0,0,,,,,AD,,SolarAnywhere4_0,04/23/2025 22:00,21,O,O,0.09,,
04/24/2025 07:00,172,209,19,3,262,,,4.8,,0,0,,,,,AD,,SolarAnywhere4_0,04/23/2025 23:00,119,O,O,0.09,,
04/24/2025 08:00,378,372,20,3,272,,,4.9,,0,0,,,,,AD,,SolarAnywhere4_0,04/24/2025 00:00,207,O,O,0.09,,
04/24/2025 09:00,450,228,20,2,275,,,4.7,,0,0,,,,,AD,,SolarAnywhere4_0,04/24/2025 01:00,303,O,O,0.09,,
04/24/2025 10:00,656,357,21,2,286,,,4.6,,0,0,,,,,AD,,SolarAnywhere4_0,04/24/2025 02:00,373,O,O,0.09,,
04/24/2025 11:00,571,251,24,3,309,,,5.2,,0,0,,,,,AD,,SolarAnywhere4_0,04/24/2025 03:00,346,O,O,0.09,,
04/24/2025 12:00,167,6,25,3,343,,,5.7,,0,0,,,,,AD,,SolarAnywhere4_0,04/24/2025 04:00,161,O,O,0.09,,
04/24/2025 13:00,239,7,24,3,6,,,5.1,,0,0,,,,,AD,,SolarAnywhere4_0,04/24/2025 05:00,232,O,O,0.09,,
04/24/2025 14:00,198,5,24,2,14,,,3.7,,0,0,,,,,AD,,SolarAnywhere4_0,04/24/2025 06:00,194,O,O,0.09,,
04/24/2025 15:00,165,0,24,2,38,,,4.4,,0,0,,,,,AD,,SolarAnywhere4_0,04/24/2025 07:00,165,O,O,0.09,,
04/24/2025 16:00,102,0,23,3,48,,,6.2,,0,0,,,,,AD,,SolarAnywhere4_0,04/24/2025 08:00,102,O,O,0.09,,
04/24/2025 17:00,47,0,22,4,36,,,6.7,,0.0062,0,,,,,AD,,SolarAnywhere4_0,04/24/2025 09:00,47,O,O,0.09,,
04/24/2025 18:00,16,0,20,4,23,,,6.9,,0.053,0,,,,,AD,,SolarAnywhere4_0,04/24/2025 10:00,16,O,O,0.09,,
04/24/2025 19:00,2,0,18,3,21,,,7,,0.1331,0,,,,,AD,,SolarAnywhere4_0,04/24/2025 11:00,2,O,O,0.09,,
04/24/2025 20:00,0,0,16,4,15,,,7,,0.2962,0,,,,,AN,,SolarAnywhere4_0,04/24/2025 12:00,0,O,O,0.09,,
04/24/2025 21:00,0,0,16,3,25,,,6.9,,0.5733,0,,,,,AN,,SolarAnywhere4_0,04/24/2025 13:00,0,O,O,0.09,,
04/24/2025 22:00,0,0,16,3,45,,,6.5,,0.349,0,,,,,AN,,SolarAnywhere4_0,04/24/2025 14:00,0,O,O,0.09,,
04/24/2025 23:00,0,0,15,3,34,,,6.2,,0.0982,0,,,,,AN,,SolarAnywhere4_0,04/24/2025 15:00,0,O,O,0.09,,
04/25/2025 00:00,0,0,15,4,13,,,6.8,,0.0092,0,,,,,AN,,SolarAnywhere4_0,04/24/2025 16:00,0,O,O,0.09,,
04/25/2025 01:00,0,0,14,4,22,,,7.3,,0,0,,,,,AN,,SolarAnywhere4_0,04/24/2025 17:00,0,O,O,0.09,,
04/25/2025 02:00,0,0,14,4,31,,,7.7,,0,0,,,,,AN,,SolarAnywhere4_0,04/24/2025 18:00,0,O,O,0.09,,
04/25/2025 03:00,0,0,14,4,36,,,7.5,,0,0,,,,,AN,,SolarAnywhere4_0,04/24/2025 19:00,0,O,O,0.09,,
04/25/2025 04:00,0,0,14,4,42,,,7.1,,0,0,,,,,AN,,SolarAnywhere4_0,04/24/2025 20:00,0,O,O,0.09,,
04/25/2025 05:00,0,0,14,4,53,,,7.1,,0,0,,,,,AN,,SolarAnywhere4_0,04/24/2025 21:00,0,O,O,0.09,,
04/25/2025 06:00,13,0,15,4,54,,,7.1,,0,0,,,,,AD,,SolarAnywhere4_0,04/24/2025 22:00,13,O,O,0.09,,
04/25/2025 07:00,82,0,16,4,60,,,7.5,,0,0,,,,,AD,,SolarAnywhere4_0,04/24/2025 23:00,82,O,O,0.09,,
04/25/2025 08:00,263,120,16,4,63,,,8.6,,0,0,,,,,AD,,SolarAnywhere4_0,04/25/2025 00:00,207,O,O,0.09,,
04/25/2025 09:00,372,170,16,4,64,,,9.5,,0,0,,,,,AD,,SolarAnywhere4_0,04/25/2025 01:00,262,O,O,0.09,,
04/25/2025 10:00,769,543,17,5,63,,,9.7,,0,0,,,,,AD,,SolarAnywhere4_0,04/25/2025 02:00,337,O,O,0.09,,
04/25/2025 11:00,912,687,19,4,63,,,9.7,,0,0,,,,,AD,,SolarAnywhere4_0,04/25/2025 03:00,295,O,O,0.09,,
04/25/2025 12:00,990,738,19,4,60,,,9.6,,0,0,,,,,AD,,SolarAnywhere4_0,04/25/2025 04:00,291,O,O,0.09,,
04/25/2025 13:00,993,774,19,4,62,,,9.6,,0,0,,,,,AD,,SolarAnywhere4_0,04/25/2025 05:00,266,O,O,0.09,,
04/25/2025 14:00,923,783,20,4,66,,,9.4,,0,0,,,,,AD,,SolarAnywhere4_0,04/25/2025 06:00,237,O,O,0.09,,
04/25/2025 15:00,789,768,20,4,70,,,9,,0,0,,,,,AD,,SolarAnywhere4_0,04/25/2025 07:00,204,O,O,0.09,,
04/25/2025 16:00,602,715,19,4,74,,,8.8,,0,0,,,,,AD,,SolarAnywhere4_0,04/25/2025 08:00,171,O,O,0.09,,
04/25/2025 17:00,383,569,18,4,80,,,8.7,,0,0,,,,,AD,,SolarAnywhere4_0,04/25/2025 09:00,149,O,O,0.09,,
04/25/2025 18:00,149,265,17,4,86,,,8,,0,0,,,,,AD,,SolarAnywhere4_0,04/25/2025 10:00,96,O,O,0.09,,
04/25/2025 19:00,8,1,15,3,96,,,6.2,,0,0,,,,,AD,,SolarAnywhere4_0,04/25/2025 11:00,8,O,O,0.09,,
04/25/2025 20:00,0,0,15,2,99,,,4.4,,0,0,,,,,AN,,SolarAnywhere4_0,04/25/2025 12:00,0,O,O,0.09,,
04/25/2025 21:00,0,0,14,2,101,,,3.6,,0,0,,,,,AN,,SolarAnywhere4_0,04/25/2025 13:00,0,O,O,0.09,,
04/25/2025 22:00,0,0,14,2,107,,,3.3,,0,0,,,,,AN,,SolarAnywhere4_0,04/25/2025 14:00,0,O,O,0.09,,
04/25/2025 23:00,0,0,13,2,110,,,3.2,,0,0,,,,,AN,,SolarAnywhere4_0,04/25/2025 15:00,0,O,O,0.09,,
04/26/2025 00:00,0,0,13,2,117,,,3.4,,0,0,,,,,AN,,SolarAnywhere4_0,04/25/2025 16:00,0,O,O,0.09,,
04/26/2025 01:00,0,0,12,2,129,,,3.6,,0,0,,,,,AN,,SolarAnywhere4_0,04/25/2025 17:00,0,O,O,0.09,,
04/26/2025 02:00,0,0,12,2,145,,,3.8,,0,0,,,,,AN,,SolarAnywhere4_0,04/25/2025 18:00,0,O,O,0.09,,
04/26/2025 03:00,0,0,13,2,159,,,4.2,,0,0,,,,,AN,,SolarAnywhere4_0,04/25/2025 19:00,0,O,O,0.09,,
04/26/2025 04:00,0,0,13,2,159,,,4.5,,0,0,,,,,AN,,SolarAnywhere4_0,04/25/2025 20:00,0,O,O,0.09,,
04/26/2025 05:00,0,0,13,2,149,,,4.5,,0,0,,,,,AN,,SolarAnywhere4_0,04/25/2025 21:00,0,O,O,0.09,,
04/26/2025 06:00,25,15,14,2,133,,,4.7,,0,0,,,,,AD,,SolarAnywhere4_0,04/25/2025 22:00,24,O,O,0.09,,
04/26/2025 07:00,183,264,17,3,116,,,5.4,,0,0,,,,,AD,,SolarAnywhere4_0,04/25/2025 23:00,115,O,O,0.09,,
04/26/2025 08:00,438,578,17,3,120,,,6.8,,0,0,,,,,AD,,SolarAnywhere4_0,04/26/2025 00:00,168,O,O,0.09,,
04/26/2025 09:00,652,762,18,4,130,,,8.2,,0,0,,,,,AD,,SolarAnywhere4_0,04/26/2025 01:00,156,O,O,0.09,,
04/26/2025 10:00,823,810,19,4,139,,,9.2,,0,0,,,,,AD,,SolarAnywhere4_0,04/26/2025 02:00,176,O,O,0.09,,
04/26/2025 11:00,918,693,21,5,145,,,9.8,,0,0,,,,,AD,,SolarAnywhere4_0,04/26/2025 03:00,294,O,O,0.09,,
04/26/2025 12:00,693,293,21,5,148,,,10.1,,0,0,,,,,AD,,SolarAnywhere4_0,04/26/2025 04:00,415,O,O,0.09,,
04/26/2025 13:00,916,637,21,5,149,,,10.4,,0,0,,,,,AD,,SolarAnywhere4_0,04/26/2025 05:00,316,O,O,0.09,,
04/26/2025 14:00,843,628,22,5,152,,,10.6,,0,0,,,,,AD,,SolarAnywhere4_0,04/26/2025 06:00,292,O,O,0.09,,
04/26/2025 15:00,793,811,22,5,153,,,10.7,,0,0,,,,,AD,,SolarAnywhere4_0,04/26/2025 07:00,174,O,O,0.09,,
04/26/2025 16:00,608,762,22,5,148,,,10.4,,0,0,,,,,AD,,SolarAnywhere4_0,04/26/2025 08:00,148,O,O,0.09,,
04/26/2025 17:00,354,424,21,5,142,,,9.8,,0,0,,,,,AD,,SolarAnywhere4_0,04/26/2025 09:00,179,O,O,0.09,,
04/26/2025 18:00,69,14,20,4,142,,,8.8,,0,0,,,,,AD,,SolarAnywhere4_0,04/26/2025 10:00,66,O,O,0.09,,
04/26/2025 19:00,4,0,17,4,141,,,7.3,,0,0,,,,,AD,,SolarAnywhere4_0,04/26/2025 11:00,4,O,O,0.09,,
04/26/2025 20:00,0,0,17,4,133,,,6.6,,0,0,,,,,AN,,SolarAnywhere4_0,04/26/2025 12:00,0,O,O,0.09,,
04/26/2025 21:00,0,0,17,5,133,,,6.7,,0,0,,,,,AN,,SolarAnywhere4_0,04/26/2025 13:00,0,O,O,0.09,,
04/26/2025 22:00,0,0,16,4,136,,,6.8,,0,0,,,,,AN,,SolarAnywhere4_0,04/26/2025 14:00,0,O,O,0.09,,
04/26/2025 23:00,0,0,16,4,138,,,6.5,,0,0,,,,,AN,,SolarAnywhere4_0,04/26/2025 15:00,0,O,O,0.09,,
04/27/2025 00:00,0,0,16,4,142,,,6,,0,0,,,,,AN,,SolarAnywhere4_0,04/26/2025 16:00,0,O,O,0.09,,
04/27/2025 01:00,0,0,16,4,142,,,6.2,,0,0,,,,,AN,,SolarAnywhere4_0,04/26/2025 17:00,0,O,O,0.09,,
04/27/2025 02:00,0,0,16,4,143,,,6.8,,0,0,,,,,AN,,SolarAnywhere4_0,04/26/2025 18:00,0,O,O,0.09,,
04/27/2025 03:00,0,0,16,4,144,,,7.3,,0,0,,,,,AN,,SolarAnywhere4_0,04/26/2025 19:00,0,O,O,0.09,,
04/27/2025 04:00,0,0,16,5,144,,,7.6,,0,0,,,,,AN,,SolarAnywhere4_0,04/26/2025 20:00,0,O,O,0.09,,
04/27/2025 05:00,0,0,15,4,143,,,7.9,,0,0,,,,,AN,,SolarAnywhere4_0,04/26/2025 21:00,0,O,O,0.09,,
04/27/2025 06:00,5,0,16,4,145,,,7.8,,0,0,,,,,AD,,SolarAnywhere4_0,04/26/2025 22:00,5,O,O,0.09,,
04/27/2025 07:00,47,0,17,4,136,,,8.1,,0.0593,0,,,,,AD,,SolarAnywhere4_0,04/26/2025 23:00,47,O,O,0.09,,
04/27/2025 08:00,155,6,17,5,132,,,8.8,,0.4601,0,,,,,AD,,SolarAnywhere4_0,04/27/2025 00:00,152,O,O,0.09,,
04/27/2025 09:00,118,1,18,6,146,,,9.3,,0.7053,0,,,,,AD,,SolarAnywhere4_0,04/27/2025 01:00,117,O,O,0.09,,
04/27/2025 10:00,127,0,18,6,157,,,9.7,,0.2365,0,,,,,AD,,SolarAnywhere4_0,04/27/2025 02:00,127,O,O,0.09,,
04/27/2025 11:00,177,2,19,6,168,,,9.9,,0.0418,0,,,,,AD,,SolarAnywhere4_0,04/27/2025 03:00,175,O,O,0.09,,
04/27/2025 12:00,196,4,18,6,180,,,9.6,,0.0034,0,,,,,AD,,SolarAnywhere4_0,04/27/2025 04:00,192,O,O,0.09,,
04/27/2025 13:00,496,179,18,4,186,,,8.8,,0,0,,,,,AD,,SolarAnywhere4_0,04/27/2025 05:00,327,O,O,0.09,,
04/27/2025 14:00,536,183,19,4,193,,,7.6,,0,0,,,,,AD,,SolarAnywhere4_0,04/27/2025 06:00,375,O,O,0.09,,
04/27/2025 15:00,332,44,19,3,199,,,7,,0,0,,,,,AD,,SolarAnywhere4_0,04/27/2025 07:00,298,O,O,0.09,,
04/27/2025 16:00,98,0,19,3,205,,,6.4,,0,0,,,,,AD,,SolarAnywhere4_0,04/27/2025 08:00,98,O,O,0.09,,
04/27/2025 17:00,155,80,20,2,214,,,5.6,,0,0,,,,,AD,,SolarAnywhere4_0,04/27/2025 09:00,122,O,O,0.09,,
04/27/2025 18:00,19,0,19,2,226,,,4.7,,0,0,,,,,AD,,SolarAnywhere4_0,04/27/2025 10:00,19,O,O,0.09,,
04/27/2025 19:00,1,0,18,1,242,,,3.3,,0,0,,,,,AD,,SolarAnywhere4_0,04/27/2025 11:00,1,O,O,0.09,,
04/27/2025 20:00,0,0,18,1,179,,,2.6,,0,0,,,,,AN,,SolarAnywhere4_0,04/27/2025 12:00,0,O,O,0.09,,
04/27/2025 21:00,0,0,17,1,175,,,2.7,,0,0,,,,,AN,,SolarAnywhere4_0,04/27/2025 13:00,0,O,O,0.09,,
04/27/2025 22:00,0,0,18,1,178,,,2.7,,0,0,,,,,AN,,SolarAnywhere4_0,04/27/2025 14:00,0,O,O,0.09,,
04/27/2025 23:00,0,0,17,2,219,,,2.7,,0,0,,,,,AN,,SolarAnywhere4_0,04/27/2025 15:00,0,O,O,0.09,,
04/28/2025 00:00,0,0,17,2,263,,,2.9,,0,0,,,,,AN,,SolarAnywhere4_0,04/27/2025 16:00,0,O,O,0.09,,
04/28/2025 01:00,0,0,16,2,283,,,3.3,,0,0,,,,,AN,,SolarAnywhere4_0,04/27/2025 17:00,0,O,O,0.09,,
04/28/2025 02:00,0,0,16,2,299,,,3.7,,0,0,,,,,AN,,SolarAnywhere4_0,04/27/2025 18:00,0,O,O,0.09,,
04/28/2025 03:00,0,0,16,3,310,,,4.6,,0,0,,,,,AN,,SolarAnywhere4_0,04/27/2025 19:00,0,O,O,0.09,,
04/28/2025 04:00,0,0,16,3,317,,,5.6,,0,0,,,,,AN,,SolarAnywhere4_0,04/27/2025 20:00,0,O,O,0.09,,
04/28/2025 05:00,0,0,16,4,331,,,6.4,,0,0,,,,,AN,,SolarAnywhere4_0,04/27/2025 21:00,0,O,O,0.09,,
04/28/2025 06:00,12,0,15,4,343,,,7,,0,0,,,,,AD,,SolarAnywhere4_0,04/27/2025 22:00,12,O,O,0.09,,
04/28/2025 07:00,153,133,16,4,1,,,7.7,,0,0,,,,,AD,,SolarAnywhere4_0,04/27/2025 23:00,118,O,O,0.09,,
04/28/2025 08:00,345,271,16,4,12,,,8.6,,0,0,,,,,AD,,SolarAnywhere4_0,04/28/2025 00:00,217,O,O,0.09,,
04/28/2025 09:00,542,396,16,4,12,,,8.9,,0,0,,,,,AD,,SolarAnywhere4_0,04/28/2025 01:00,282,O,O,0.09,,
04/28/2025 10:00,740,534,17,4,10,,,8.8,,0,0,,,,,AD,,SolarAnywhere4_0,04/28/2025 02:00,311,O,O,0.09,,
04/28/2025 11:00,857,567,20,4,12,,,8.5,,0,0,,,,,AD,,SolarAnywhere4_0,04/28/2025 03:00,344,O,O,0.09,,
04/28/2025 12:00,933,631,20,4,9,,,8.6,,0,0,,,,,AD,,SolarAnywhere4_0,04/28/2025 04:00,332,O,O,0.09,,
04/28/2025 13:00,920,623,21,4,8,,,9.1,,0,0,,,,,AD,,SolarAnywhere4_0,04/28/2025 05:00,332,O,O,0.09,,
04/28/2025 14:00,839,577,23,4,12,,,9.6,,0,0,,,,,AD,,SolarAnywhere4_0,04/28/2025 06:00,331,O,O,0.09,,
04/28/2025 15:00,697,509,22,5,14,,,9.9,,0,0,,,,,AD,,SolarAnywhere4_0,04/28/2025 07:00,307,O,O,0.09,,
04/28/2025 16:00,533,469,22,5,19,,,9.8,,0,0,,,,,AD,,SolarAnywhere4_0,04/28/2025 08:00,248,O,O,0.09,,
04/28/2025 17:00,334,354,20,5,23,,,9.6,,0,0,,,,,AD,,SolarAnywhere4_0,04/28/2025 09:00,187,O,O,0.09,,
04/28/2025 18:00,129,138,19,4,27,,,9,,0,0,,,,,AD,,SolarAnywhere4_0,04/28/2025 10:00,101,O,O,0.09,,
04/28/2025 19:00,10,4,18,4,38,,,7.3,,0,0,,,,,AD,,SolarAnywhere4_0,04/28/2025 11:00,10,O,O,0.09,,
04/28/2025 20:00,0,0,17,2,47,,,5.1,,0,0,,,,,AN,,SolarAnywhere4_0,04/28/2025 12:00,0,O,O,0.09,,
04/28/2025 21:00,0,0,17,2,53,,,4,,0,0,,,,,AN,,SolarAnywhere4_0,04/28/2025 13:00,0,O,O,0.09,,
04/28/2025 22:00,0,0,16,2,64,,,3.8,,0,0,,,,,AN,,SolarAnywhere4_0,04/28/2025 14:00,0,O,O,0.09,,
04/28/2025 23:00,0,0,15,2,75,,,3.6,,0,0,,,,,AN,,SolarAnywhere4_0,04/28/2025 15:00,0,O,O,0.09,,
04/29/2025 00:00,0,0,14,2,98,,,3.6,,0,0,,,,,AN,,SolarAnywhere4_0,04/28/2025 16:00,0,O,O,0.09,,
04/29/2025 01:00,0,0,14,2,125,,,3.4,,0,0,,,,,AN,,SolarAnywhere4_0,04/28/2025 17:00,0,O,O,0.09,,
04/29/2025 02:00,0,0,13,2,153,,,3,,0,0,,,,,AN,,SolarAnywhere4_0,04/28/2025 18:00,0,O,O,0.09,,
04/29/2025 03:00,0,0,13,2,173,,,3.1,,0,0,,,,,AN,,SolarAnywhere4_0,04/28/2025 19:00,0,O,O,0.09,,
04/29/2025 04:00,0,0,12,2,196,,,3.6,,0,0,,,,,AN,,SolarAnywhere4_0,04/28/2025 20:00,0,O,O,0.09,,
04/29/2025 05:00,0,0,12,2,207,,,3.6,,0,0,,,,,AN,,SolarAnywhere4_0,04/28/2025 21:00,0,O,O,0.09,,
04/29/2025 06:00,34,45,13,1,210,,,3.5,,0,0,,,,,AD,,SolarAnywhere4_0,04/28/2025 22:00,32,O,O,0.09,,
04/29/2025 07:00,212,356,15,2,200,,,3.8,,0,0,,,,,AD,,SolarAnywhere4_0,04/28/2025 23:00,116,O,O,0.09,,
04/29/2025 08:00,447,618,15,2,183,,,4.3,,0,0,,,,,AD,,SolarAnywhere4_0,04/29/2025 00:00,154,O,O,0.09,,
04/29/2025 09:00,664,757,16,2,170,,,4.7,,0,0,,,,,AD,,SolarAnywhere4_0,04/29/2025 01:00,166,O,O,0.09,,
04/29/2025 10:00,842,801,18,2,168,,,5.2,,0,0,,,,,AD,,SolarAnywhere4_0,04/29/2025 02:00,197,O,O,0.09,,
04/29/2025 11:00,941,776,22,2,167,,,6.3,,0,0,,,,,AD,,SolarAnywhere4_0,04/29/2025 03:00,238,O,O,0.09,,
04/29/2025 12:00,1025,844,23,3,161,,,7.6,,0,0,,,,,AD,,SolarAnywhere4_0,04/29/2025 04:00,220,O,O,0.09,,
04/29/2025 13:00,1003,837,24,4,162,,,8.7,,0,0,,,,,AD,,SolarAnywhere4_0,04/29/2025 05:00,211,O,O,0.09,,
04/29/2025 14:00,916,798,25,5,163,,,9.4,,0,0,,,,,AD,,SolarAnywhere4_0,04/29/2025 06:00,212,O,O,0.09,,
04/29/2025 15:00,786,744,25,5,160,,,9.7,,0,0,,,,,AD,,SolarAnywhere4_0,04/29/2025 07:00,215,O,O,0.09,,
04/29/2025 16:00,578,563,24,5,155,,,9.7,,0,0,,,,,AD,,SolarAnywhere4_0,04/29/2025 08:00,235,O,O,0.09,,
04/29/2025 17:00,281,198,24,4,151,,,9.3,,0,0,,,,,AD,,SolarAnywhere4_0,04/29/2025 09:00,198,O,O,0.09,,
04/29/2025 18:00,116,98,22,4,151,,,8.4,,0,0,,,,,AD,,SolarAnywhere4_0,04/29/2025 10:00,96,O,O,0.09,,
04/29/2025 19:00,11,10,19,4,152,,,7.3,,0,0,,,,,AD,,SolarAnywhere4_0,04/29/2025 11:00,11,O,O,0.09,,
04/29/2025 20:00,0,0,19,4,154,,,7.4,,0,0,,,,,AN,,SolarAnywhere4_0,04/29/2025 12:00,0,O,O,0.09,,
04/29/2025 21:00,0,0,19,5,158,,,8.3,,0,0,,,,,AN,,SolarAnywhere4_0,04/29/2025 13:00,0,O,O,0.09,,
04/29/2025 22:00,0,0,18,5,160,,,8.9,,0,0,,,,,AN,,SolarAnywhere4_0,04/29/2025 14:00,0,O,O,0.09,,
04/29/2025 23:00,0,0,18,5,163,,,9.5,,0,0,,,,,AN,,SolarAnywhere4_0,04/29/2025 15:00,0,O,O,0.09,,
04/30/2025 00:00,0,0,19,6,165,,,9.9,,0,0,,,,,AN,,SolarAnywhere4_0,04/29/2025 16:00,0,O,O,0.09,,
